t,x,y,theta,state,front_min,dist_goal,clearance,v,omega
0.0,0.5,0.5,0.0,RUN,1.0,12.020815280171307,2.663092425882008,0.64,2.0
0.05,0.531946693326985,0.5015986671110317,0.10000000000000009,RUN,1.6,11.997114320514944,2.64113697554241,0.64,1.5215445879998044
0.1,0.5636346595454724,0.5060008262006408,0.17607722939999038,RUN,2.0,11.971644921318315,2.617373634591603,0.64,1.3828891721367553
0.15000000000000002,0.5949210765343663,0.5126905348701715,0.2452216880068283,RUN,2.0,11.944863903225041,2.5922525456810637,0.64,1.2272493603449464
0.2,0.6257059939962046,0.5214064735525447,0.3065841560240754,RUN,2.0,11.917019270174391,2.5660077989214263,0.64,1.0924236949933261
0.25,0.6559349752338655,0.5318923749865779,0.36120534077374167,RUN,2.0,11.888324856191302,2.5388454110156484,0.64,0.9720632406879451
0.3,0.685583510696202,0.5439241155365871,0.4098085028081391,RUN,2.0,11.85895193182815,2.51093219321435,0.64,0.8650221527194015
0.35,0.7146489890546592,0.557304636761046,0.45305961044410914,RUN,2.0,11.829038269066066,2.4824042545763203,0.64,0.7697765297818403
0.39999999999999997,0.7431439489212872,0.5718617950178867,0.49154843693320105,RUN,2.0,11.79869422650296,2.4533723833736714,0.64,0.6850289377415315
0.44999999999999996,0.7710910942933316,0.5874456635901484,0.5257998838202775,RUN,2.0,11.76800799802017,2.4239267426465774,0.64,0.6096195922964627
0.49999999999999994,0.7985195788106886,0.6039259232112726,0.5562808634351004,RUN,2.0,11.737049927561664,2.3941407365720697,0.64,0.542518007856579
0.5499999999999999,0.8254622806964007,0.6211894114780178,0.5834067638279294,RUN,2.0,11.705876037385899,2.36407418536411,0.64,0.48280771899592057
0.6,0.8519538315464698,0.6391378934701408,0.6075471497777256,RUN,2.0,11.674530891117518,2.3337759145181476,0.64,0.4296736443301675
0.65,0.878029215560519,0.6576860729938876,0.6290308319942342,RUN,2.0,11.643049904557165,2.3032858571891452,0.64,0.3823907888947914
0.7000000000000001,0.9037227969138859,0.6767598425069836,0.6481503714389736,RUN,2.0,11.611461202988894,2.2726367557598497,0.64,0.3403142359873648
0.7500000000000001,0.9290676659916393,0.6962947575242144,0.6651660832383417,RUN,1.9921254246666869,11.579787109185622,2.2418555359559384,0.64,0.3028702642569022
0.8000000000000002,0.9540952210904952,0.7162347153168473,0.6803095964511869,RUN,1.9610207805711402,11.548045332566051,2.2109644149320267,0.64,0.2695484606680523
0.8500000000000002,0.9788349223067236,0.7365308155284505,0.6937870194845894,RUN,1.9307507502925128,11.516249917673594,2.1799817941270816,0.64,0.23989471460518974
0.9000000000000002,1.003314169831076,0.7571403803826446,0.7057817552148489,RUN,1.9009218680537079,11.484411999538453,2.1489229785195114,0.64,0.21350499259410652
0.9500000000000003,1.0275582707528592,0.7780261134524511,0.7164570048445542,RUN,1.8712630554810001,11.452540404526454,2.1178007561693133,0.64,0.19001980516637074
1.0000000000000002,1.0515904675394387,0.7991553778668914,0.7259579951028727,RUN,1.8415916381036963,11.420642127834995,2.086625865493192,0.64,0.16911928784711716
1.0500000000000003,1.075432008247101,0.8204995769636394,0.7344139594952286,RUN,1.8117892470875017,11.38872271268234,2.0554073724179287,0.64,0.15051882734491698
1.1000000000000003,1.0991022437393911,0.8420336225307468,0.7419399008624743,RUN,1.7817842726544686,11.356786551256599,2.0241529752304133,0.64,0.13396517197317814
1.1500000000000004,1.1226187411326416,0.8637354777909918,0.7486381594611333,RUN,1.7515388555068059,11.324837123460613,1.9928692514320607,0.64,0.11923297230486148
1.2000000000000004,1.145997405658664,0.885585764107871,0.7545998080763763,RUN,1.72103914119716,11.292877186243073,1.9615618580699286,0.64,0.10612170419313684
1.2500000000000004,1.1692526053645165,0.9075674220099135,0.759905893286033,RUN,1.6902879511653714,11.26090892370175,1.9302356947346997,0.64,0.09445293169423316
1.3000000000000005,1.1923972947369665,0.9296654185397246,0.7646285398707446,RUN,1.6592992822215484,11.228934066060956,1.898895036583863,0.64,0.08406787220008134
1.3500000000000005,1.215443134580882,0.9518664941482617,0.7688319334807487,RUN,1.6280942079429765,11.196953983961768,1.867543643280864,0.64,0.0748252303077536
1.4000000000000006,1.2384006063997983,0.9741589433916795,0.7725731949961365,RUN,1.5966978616161875,11.164969763177812,1.8361848485672287,0.64,0.06659927068843048
1.4500000000000006,1.2612791202022144,0.9965324245683078,0.775903158530558,RUN,1.5651372537855521,11.13298226381434,1.8048216342467924,0.64,0.05927810352962091
1.5000000000000007,1.2840871151486617,1.0189777941774807,0.7788670637070392,RUN,1.5334397309564163,11.100992167209517,1.7734566916125534,0.64,0.052762159060760885
1.5500000000000007,1.3068321528078037,1.041486962709378,0.7815051716600774,RUN,1.501631922734703,11.069000013090461,1.7420924727494067,0.64,0.046962830278636666
1.6000000000000008,1.3295210030393427,1.0640527688031707,0.7838533131740091,RUN,1.4697390567318478,11.03700622900772,1.7107312336698066,0.64,0.04180126530311643
1.6500000000000008,1.352159722693555,1.0866688692550834,0.7859433764391648,RUN,1.4377845462727454,11.00501115365211,1.6793750708597845,0.64,0.0372072928493227
1.7000000000000008,1.374753727431738,1.1093296427316428,0.787803741081631,RUN,1.4057897767408842,10.973015055325028,1.6480259525103849,0.64,0.03311846612908128
1.7500000000000009,1.3973078570438489,1.1320301053579644,0.7894596643880849,RUN,1.3737740332194566,10.941018146569386,1.6166857454687023,0.64,0.029479212117814527
1.800000000000001,1.4198264346804272,1.1547658366159155,0.7909336249939756,RUN,1.341754525626313,10.9090205957592,1.5853562387511555,0.64,0.02624007456651763
1.850000000000001,1.4423133204342946,1.1775329142106266,0.7922456287223012,RUN,1.3097464783418618,10.87702253628,1.5540391643093274,0.64,0.023357040421559748
1.900000000000001,1.4647719597098678,1.2003278567528959,0.793413480743379,RUN,1.2777632598553847,10.845024073800829,1.522736215617869,0.64,0.020790940456345042
1.950000000000001,1.4872054268090764,1.2231475732649955,0.7944530277661963,RUN,1.245816534607628,10.813025292034654,1.4914490645586227,0.64,0.018506915933688566
2.000000000000001,1.5096164641464718,1.2459893186535176,0.7953783735628805,RUN,1.213916424333406,10.78102625730134,1.4601793769998108,0.64,0.01647394402041713
2.0500000000000007,1.5320075174850203,1.2688506544083111,0.7962020707639015,RUN,1.18207167010668,10.749027022142192,1.428928827410623,0.64,0.014664415478673016
2.1000000000000005,1.5543807675599268,1.2917294138853777,0.7969352915378352,RUN,1.1502897892145691,10.71702762818317,1.3976991128062033,0.64,0.01305375887259647
2.1500000000000004,1.5767381584323203,1.3146236716157986,0.7975879794814649,RUN,1.1185772231472173,10.685028108403039,1.366491966283985,0.64,0.011620106164355786
2.2,1.5990814228888155,1.3375317161552545,0.7981689847896827,RUN,1.0869394745592436,10.653028488930088,1.335309170387165,0.64,0.010343995138788073
2.25,1.6214121051774555,1.3604520260505737,0.798686184546622,RUN,1.055381232175614,10.621028790465479,1.304152570514123,0.64,0.009208104598765568
2.3,1.6437315813458468,1.3833832485535282,0.7991465897765604,RUN,1.0239064833900944,10.589029029410746,1.2730240885819641,0.64,0.008197018720622364
2.3499999999999996,1.666041077423607,1.4063241807582472,0.7995564407125917,RUN,0.9925186148255933,10.557029218761063,1.2419257371480714,0.64,0.00729701735710579
2.3999999999999995,1.688341685669549,1.4292737528784798,0.7999212915804472,RUN,0.9612205014594917,10.525029368812817,1.2108596341945472,0.64,0.006495889429480192
2.4499999999999993,1.7106343790827623,1.4522310134158687,0.8002460860519212,RUN,0.9300145851156597,10.493029487724286,1.179828018786872,0.64,0.005782766865170708
2.499999999999999,1.7329200243583216,1.4751951160005063,0.8005352243951798,RUN,0.898902943226697,10.46102958195965,1.1488332678293,0.64,0.005147976818008054
2.549999999999999,1.7551993934499848,1.4981653077111332,0.80079262323608,RUN,0.86788734880576,10.42902965664094,1.1178779141568822,0.64,0.004582910157296771
2.5999999999999988,1.777473173886733,1.5211409187057257,0.8010217687439449,RUN,0.8369693225567452,10.39702971582671,1.0869646662256975,0.64,0.004079904433787158
2.6499999999999986,1.7997419779748043,1.5441213530126703,0.8012257639656344,RUN,0.8061501780132327,10.365029762732947,1.0560964296921744,0.64,0.003632139728364577
2.6999999999999984,1.8220063510039353,1.5671060803507402,0.8014073709520524,RUN,0.7754310605391839,10.333029799908001,1.0252763312070883,0.64,0.0032335459646475
2.7499999999999982,1.8442667785635933,1.5900946288614648,0.8015690482502849,RUN,0.7448129809584082,10.301029829371254,0.9945077447932948,0.64,0.0028787204229193497
2.799999999999998,1.866523693065119,1.613086578650524,0.8017129842714308,RUN,0.7142968445095013,10.26902985272291,0.9637943212281161,0.64,0.0025628543325332247
2.849999999999998,1.8887774795543635,1.6360815560475714,0.8018411269880574,AVOID,0.6838834757526272,10.237029871231009,0.9331400209135423,0.32,-0.6544984694978735
2.8999999999999977,1.9000897724527688,1.6473956704136958,0.769116203513164,AVOID,0.6711563607642409,10.221033003893542,0.9179160962380135,0.32,-0.6544984694978735
2.9499999999999975,1.9117661960528856,1.6583335992130477,0.7363912800382701,AVOID,0.6603244349415279,10.205053846005057,0.9028827396657564,0.32,-0.6544984694978735
2.9999999999999973,1.9237942469478602,1.6688836298375034,0.7036663565633763,AVOID,0.6513958377202128,10.189109631974363,0.8880629848549497,0.32,-0.6544984694978735
3.049999999999997,1.9361610451995246,1.6790344650500209,0.6709414330884824,AVOID,0.6444242666687249,10.173217639630153,0.873480414262658,0.32,-0.6544984694978735
3.099999999999997,1.9488533481305566,1.6887752350820038,0.6382165096135886,AVOID,0.6395160385906676,10.157395171465954,0.859159131717538,0.32,-0.6544984694978735
3.149999999999997,1.9618575645050695,1.6980955092729222,0.6054915861386947,AVOID,0.636842955662381,10.141659535500823,0.8451237274959051,0.32,-0.6544984694978735
3.1999999999999966,1.97515976908245,1.7069853072397252,0.5727666626638008,AVOID,0.6366642151055565,10.12602802577274,0.8313992351060087,0.32,0.0
3.2499999999999964,1.9886062454839661,1.7156566550232863,0.5727666626638008,AVOID,0.6239909786122259,10.110455002044812,0.817868175789972,0.32,0.0
3.2999999999999963,2.002052721885482,1.7243280028068475,0.5727666626638008,AVOID,0.6113640075902855,10.094883313739242,0.8043975028001842,0.32,0.0
3.349999999999996,2.015499198286998,1.7329993505904087,0.5727666626638008,AVOID,0.5987840356790555,10.079312967045373,0.7909892599315764,0.32,0.0
3.399999999999996,2.028945674688514,1.7416706983739698,0.5727666626638008,AVOID,0.5862518246995185,10.063743968190318,0.7776455741289745,0.32,0.0
3.4499999999999957,2.0423921510900303,1.750342046157531,0.5727666626638008,AVOID,0.5737681661023356,10.048176323439243,0.764368659104631,0.32,0.0
3.4999999999999956,2.0558386274915463,1.7590133939410921,0.5727666626638008,AVOID,0.5613338825155728,10.032610039095658,0.7511608190935908,0.32,0.0
3.5499999999999954,2.0692851038930624,1.7676847417246533,0.5727666626638008,AVOID,0.548949829400657,10.017045121501699,0.7380244527475981,0.32,0.0
3.599999999999995,2.0827315802945785,1.7763560895082144,0.5727666626638008,AVOID,0.5366168968259349,10.001481577038424,0.7249620571674165,0.32,0.0
3.649999999999995,2.0961780566960946,1.7850274372917756,0.5727666626638008,AVOID,0.5243360113682026,9.985919412126107,0.7119762320724254,0.32,0.0
3.699999999999995,2.1096245330976107,1.7936987850753368,0.5727666626638008,AVOID,0.5121081381536612,9.970358633224533,0.6990696841051816,0.32,0.0
3.7499999999999947,2.1230710094991267,1.802370132858898,0.5727666626638008,AVOID,0.4999342830510066,9.954799246833309,0.6862452312672587,0.32,0.0
3.7999999999999945,2.136517485900643,1.811041480642459,0.5727666626638008,AVOID,0.48781549503073685,9.939241259492146,0.6735058074810905,0.32,0.0
3.8499999999999943,2.149963962302159,1.8197128284260202,0.5727666626638008,AVOID,0.47575286870634426,9.923684677781182,0.660854467270694,0.32,0.0
3.899999999999994,2.163410438703675,1.8283841762095814,0.5727666626638008,AVOID,0.4637475470748428,9.908129508321286,0.6482943905520431,0.32,0.0
3.949999999999994,2.176856915105191,1.8370555239931425,0.5727666626638008,AVOID,0.45180072447608377,9.892575757774363,0.6358288875214446,0.32,0.0
3.999999999999994,2.190303391506707,1.8457268717767037,0.5727666626638008,AVOID,0.4399136497926214,9.877023432843673,0.6234614036275226,0.32,0.0
4.049999999999994,2.2037498679082232,1.8543982195602648,0.5727666626638008,AVOID,0.4280876299144841,9.861472540274145,0.6111955246093037,0.32,0.0
4.099999999999993,2.2171963443097393,1.863069567343826,0.5727666626638008,AVOID,0.41632403349619457,9.8459230868527,0.5990349815793921,0.32,0.0
4.149999999999993,2.2306428207112554,1.8717409151273872,0.5727666626638008,AVOID,0.4046242950367825,9.830375079408569,0.5869836561272832,0.32,0.0
4.199999999999993,2.2440892971127715,1.8804122629109483,0.5727666626638008,AVOID,0.3929899193174379,9.814828524813615,0.5750455854134762,0.08,0.0
4.249999999999993,2.2474509162131504,1.8825800998568387,0.5727666626638008,AVOID,0.3900917217361102,9.810942113981945,0.5720792521147942,0.08,0.0
4.299999999999993,2.2508125353135293,1.8847479368027291,0.5727666626638008,AVOID,0.38719773312808037,9.80705579449378,0.5691203259794912,0.08,0.0
4.3499999999999925,2.2541741544139082,1.8869157737486195,0.5727666626638008,AVOID,0.38430797926317395,9.803169566457754,0.5661688748487379,0.08,0.0
4.399999999999992,2.257535773514287,1.88908361069451,0.5727666626638008,AVOID,0.3814224862359424,9.799283429982674,0.5632249672201575,0.08,0.0
4.449999999999992,2.260897392614666,1.8912514476404003,0.5727666626638008,AVOID,0.3785412804713473,9.795397385177516,0.5602886722525422,0.08,0.0
4.499999999999992,2.264259011715045,1.8934192845862907,0.5727666626638008,AVOID,0.3756643887305756,9.791511432151424,0.5573600597705299,0.08,0.0
4.549999999999992,2.267620630815424,1.8955871215321811,0.5727666626638008,AVOID,0.3727918381169854,9.787625571013713,0.5544392002692362,0.08,0.0
4.599999999999992,2.2709822499158028,1.8977549584780715,0.5727666626638008,AVOID,0.36992365608219374,9.783739801873873,0.5515261649188392,0.08,0.0
4.6499999999999915,2.2743438690161817,1.899922795423962,0.5727666626638008,AVOID,0.36705987043230026,9.779854124841561,0.5486210255691155,0.08,0.0
4.699999999999991,2.2777054881165606,1.9020906323698523,0.5727666626638008,AVOID,0.36420050933425985,9.77596854002661,0.54572385475392,0.08,0.0
4.749999999999991,2.2810671072169395,1.9042584693157427,0.5727666626638008,AVOID,0.3613456013224031,9.77208304753902,0.5428347256956072,0.08,0.0
4.799999999999991,2.2844287263173184,1.9064263062616331,0.5727666626638008,AVOID,0.35849517530510994,9.768197647488968,0.5399537123093932,0.08,0.0
4.849999999999991,2.2877903454176973,1.9085941432075235,0.5727666626638008,AVOID,0.35564926057164375,9.764312339986802,0.5370808892076488,0.08,0.0
4.899999999999991,2.2911519645180762,1.910761980153414,0.5727666626638008,AVOID,0.35280788679914443,9.760427125143039,0.5342163317041242,0.08,0.0
4.94999999999999,2.294513583618455,1.9129298170993043,0.5727666626638008,AVOID,0.34997108405979255,9.756542003068379,0.5313601158180989,0.08,0.0
4.99999999999999,2.297875202718834,1.9150976540451947,0.5727666626638008,AVOID,0.3471388828281434,9.752656973873686,0.528512318278453,0.08,0.0
5.04999999999999,2.301236821819213,1.9172654909910851,0.5727666626638008,AVOID,0.3443113139886408,9.748772037670001,0.5256730165276551,0.08,0.0
5.09999999999999,2.304598440919592,1.9194333279369755,0.5727666626638008,AVOID,0.3414884088433107,9.744887194568546,0.5228422887256623,0.08,0.0
5.14999999999999,2.307960060019971,1.921601164882866,0.5727666626638008,AVOID,0.33867019911964685,9.741002444680708,0.5200202137537286,0.08,0.0
5.1999999999999895,2.3113216791203497,1.9237690018287563,0.5727666626638008,AVOID,0.3358567169786869,9.737117788118054,0.517206871218115,0.08,0.0
5.249999999999989,2.3146832982207286,1.9259368387746467,0.5727666626638008,AVOID,0.33304799502329063,9.733233224992325,0.5144023414536962,0.08,0.0
5.299999999999989,2.3180449173211075,1.9281046757205371,0.5727666626638008,AVOID,0.3302440663066235,9.729348755415442,0.5116067055274627,0.08,0.0
5.349999999999989,2.3214065364214864,1.9302725126664275,0.5727666626638008,AVOID,0.3274449643408517,9.725464379499495,0.5088200452419065,0.08,0.0
5.399999999999989,2.3247681555218653,1.932440349612318,0.5727666626638008,AVOID,0.32465072310605725,9.721580097356757,0.5060424431382915,0.08,0.0
5.449999999999989,2.3281297746222442,1.9346081865582083,0.5727666626638008,AVOID,0.32186137705937745,9.717695909099673,0.5032739824997976,0.08,0.0
5.4999999999999885,2.331491393722623,1.9367760235040987,0.5727666626638008,AVOID,0.31907696114437767,9.713811814840867,0.5005147473545373,0.08,0.0
5.549999999999988,2.334853012823002,1.9389438604499891,0.5727666626638008,AVOID,0.316297510800664,9.709927814693142,0.4977648224784355,0.08,0.0
5.599999999999988,2.338214631923381,1.9411116973958795,0.5727666626638008,AVOID,0.31352306197374263,9.706043908769475,0.49502429339796844,0.08,0.0
5.649999999999988,2.34157625102376,1.94327953434177,0.5727666626638008,AVOID,0.31075365112513526,9.702160097183025,0.49229324639275535,0.08,0.0
5.699999999999988,2.344937870124139,1.9454473712876603,0.5727666626638008,AVOID,0.3079893152427575,9.698276380047128,0.48957176849799583,0.08,0.0
5.749999999999988,2.3482994892245177,1.9476152082335507,0.5727666626638008,AVOID,0.3052300918515695,9.694392757475299,0.4868599475067475,0.08,0.0
5.799999999999987,2.3516611083248966,1.9497830451794411,0.5727666626638008,AVOID,0.30247601902450677,9.690509229581231,0.48415787197203647,0.08,0.0
5.849999999999987,2.3550227274252755,1.9519508821253315,0.5727666626638008,AVOID,0.29972713539370055,9.686625796478799,0.4814656312087949,0.08,0.0
5.899999999999987,2.3583843465256544,1.954118719071222,0.5727666626638008,AVOID,0.29698348016199805,9.682742458282055,0.4787833152956174,0.08,0.0
5.949999999999987,2.3617459656260333,1.9562865560171123,0.5727666626638008,AVOID,0.2942450931147917,9.678859215105234,0.4761110150763314,0.08,0.0
5.999999999999987,2.3651075847264122,1.9584543929630027,0.5727666626638008,AVOID,0.29151201463216664,9.674976067062751,0.47344882216137113,0.08,0.0
6.0499999999999865,2.368469203826791,1.9606222299088931,0.5727666626638008,AVOID,0.2887842857013793,9.6710930142692,0.47079682892895197,0.08,0.0
6.099999999999986,2.37183082292717,1.9627900668547835,0.5727666626638008,AVOID,0.2860619479296757,9.667210056839359,0.4681551285260341,0.08,0.0
6.149999999999986,2.375192442027549,1.964957903800674,0.5727666626638008,AVOID,0.2833450435574625,9.663327194888183,0.46552381486906974,0.08,0.0
6.199999999999986,2.378554061127928,1.9671257407465643,0.5727666626638008,AVOID,0.28063361547184307,9.659444428530817,0.4629029826445264,0.08,0.0
6.249999999999986,2.381915680228307,1.9692935776924547,0.5727666626638008,AVOID,0.2779277072205301,9.655561757882579,0.46029272730917686,0.08,0.0
6.299999999999986,2.3852772993286857,1.9714614146383451,0.5727666626638008,AVOID,0.27522736302614514,9.651679183058977,0.4576931450901492,0.08,0.0
6.349999999999985,2.3886389184290646,1.9736292515842355,0.5727666626638008,AVOID,0.27253262780092563,9.6477967041757,0.45510433298472847,0.08,0.0
6.399999999999985,2.3920005375294435,1.975797088530126,0.5727666626638008,AVOID,0.2698435471618454,9.643914321348621,0.4525263887599014,0.08,0.0
6.449999999999985,2.3953621566298224,1.9779649254760163,0.5727666626638008,AVOID,0.26716016744616883,9.640032034693792,0.4499594109516352,0.08,0.0
6.499999999999985,2.3987237757302013,1.9801327624219067,0.5727666626638008,AVOID,0.26448253572745006,9.636149844327454,0.4474034988638837,0.08,0.0
6.549999999999985,2.4020853948305803,1.9823005993677971,0.5727666626638008,AVOID,0.2618106998319963,9.632267750366033,0.44485875256730983,0.08,0.0
6.5999999999999845,2.405447013930959,1.9844684363136875,0.5727666626638008,AVOID,0.2591447083558102,9.628385752926137,0.44232527289771756,0.08,0.0
6.649999999999984,2.408808633031338,1.986636273259578,0.5727666626638008,AVOID,0.2564846106820265,9.624503852124562,0.4398031614541836,0.08,0.0
6.699999999999984,2.412170252131717,1.9888041102054683,0.5727666626638008,AVOID,0.2538304569988654,9.620622048078285,0.4372925205968788,0.08,0.0
6.749999999999984,2.415531871232096,1.9909719471513587,0.5727666626638008,AVOID,0.25118229831811806,9.616740340904476,0.4347934534445726,0.08,0.0
6.799999999999984,2.418893490332475,1.9931397840972491,0.5727666626638008,AVOID,0.2485401864941817,9.612858730720484,0.43230606387180853,0.08,0.0
6.849999999999984,2.4222551094328537,1.9953076210431395,0.5727666626638008,AVOID,0.2459041742436734,9.608977217643849,0.4298304565057431,0.08,0.0
6.8999999999999835,2.4256167285332326,1.99747545798903,0.5727666626638008,AVOID,0.24327431516563064,9.605095801792299,0.4273667367226383,0.08,0.0
6.949999999999983,2.4289783476336115,1.9996432949349203,0.5727666626638008,AVOID,0.24065066376233346,9.601214483283744,0.42491501064399734,0.08,0.0
6.999999999999983,2.4323399667339904,2.0018111318808107,0.5727666626638008,AVOID,0.23803327546076386,9.597333262236289,0.4224753851323349,0.08,0.0
7.049999999999983,2.4357015858343694,2.003978968826701,0.5727666626638008,AVOID,0.23542220663472757,9.59345213876822,0.42004796778657255,0.08,0.0
7.099999999999983,2.4390632049347483,2.0061468057725915,0.5727666626638008,AVOID,0.23281751462766676,9.589571112998017,0.4176328669370472,0.08,0.0
7.149999999999983,2.442424824035127,2.008314642718482,0.5727666626638008,AVOID,0.23021925777618635,9.585690185044347,0.41523019164012626,0.08,0.0
7.199999999999982,2.445786443135506,2.0104824796643723,0.5727666626638008,AVOID,0.22762749543432376,9.581809355026065,0.41284005167241616,0.08,0.0
7.249999999999982,2.449148062235885,2.0126503166102627,0.5727666626638008,AVOID,0.22504228799859005,9.577928623062219,0.4104625575245567,0.08,0.0
7.299999999999982,2.452509681336264,2.014818153556153,0.5727666626638008,AVOID,0.22246369693381357,9.574047989272042,0.4080978203945899,0.08,0.0
7.349999999999982,2.455871300436643,2.0169859905020435,0.5727666626638008,AVOID,0.21989178479981691,9.570167453774962,0.4057459521808943,0.08,0.0
7.399999999999982,2.4592329195370217,2.019153827447934,0.5727666626638008,AVOID,0.21732661527896124,9.566287016690595,0.40340706547467303,0.08,0.0
7.4499999999999815,2.4625945386374006,2.0213216643938243,0.5727666626638008,AVOID,0.21476825320459003,9.562406678138748,0.40108127355198814,0.08,0.0
7.499999999999981,2.4659561577377795,2.0234895013397147,0.5727666626638008,AVOID,0.21221676459041483,9.558526438239422,0.3987686903653285,0.08,0.0
7.549999999999981,2.4693177768381585,2.025657338285605,0.5727666626638008,AVOID,0.209672216660873,9.55464629711281,0.39646943053470357,0.08,0.0
7.599999999999981,2.4726793959385374,2.0278251752314955,0.5727666626638008,AVOID,0.20713467788250384,9.550766254879292,0.39418360933825064,0.08,0.0
7.649999999999981,2.4760410150389163,2.029993012177386,0.5727666626638008,AVOID,0.20460421799638273,9.546886311659447,0.39191134270234845,0.08,0.0
7.699999999999981,2.479402634139295,2.0321608491232763,0.5727666626638008,AVOID,0.20208090805165574,9.543006467574044,0.3896527471912247,0.08,0.0
7.7499999999999805,2.482764253239674,2.0343286860691667,0.5727666626638008,AVOID,0.19956482044022494,9.539126722744044,0.387407939996049,0.08,0.0
7.79999999999998,2.486125872340053,2.036496523015057,0.5727666626638008,AVOID,0.19705602893262736,9.535247077290606,0.385177038923502,0.08,0.0
7.84999999999998,2.489487491440432,2.0386643599609475,0.5727666626638008,AVOID,0.1945546087151651,9.531367531335077,0.3829601623838093,0.08,0.0
7.89999999999998,2.492849110540811,2.040832196906838,0.5727666626638008,AVOID,0.19206063642833382,9.527488084999007,0.3807574293782328,0.08,0.0
7.94999999999998,2.4962107296411897,2.0430000338527283,0.5727666626638008,AVOID,0.1895741902066097,9.523608738404132,0.3785689594860084,0.08,0.0
7.99999999999998,2.4995723487415686,2.0451678707986187,0.5727666626638008,AVOID,0.18709534971965402,9.519729491672388,0.3763948728507221,0.08,0.0
8.04999999999998,2.5029339678419475,2.047335707744509,0.5727666626638008,AVOID,0.18462419621499515,9.515850344925909,0.37423529016611506,0.08,0.0
8.09999999999998,2.5062955869423265,2.0495035446903995,0.5727666626638008,AVOID,0.18216081256225503,9.511971298287019,0.37209033266130814,0.08,0.0
8.14999999999998,2.5096572060427054,2.05167138163629,0.5727666626638008,AVOID,0.17970528329899066,9.508092351878243,0.3699601220854391,0.08,0.0
8.199999999999982,2.5130188251430843,2.0538392185821803,0.5727666626638008,AVOID,0.17725769467821967,9.504213505822301,0.3678447806917016,0.08,0.0
8.249999999999982,2.516380444243463,2.0560070555280707,0.5727666626638008,AVOID,0.1748181347177084,9.500334760242112,0.36574443122078065,0.08,0.0
8.299999999999983,2.519742063343842,2.058174892473961,0.5727666626638008,AVOID,0.17238669325110584,9.49645611526079,0.3636591968836745,0.08,0.0
8.349999999999984,2.523103682444221,2.0603427294198515,0.5727666626638008,AVOID,0.1699634619810021,9.492577571001647,0.36158920134389666,0.08,0.0
8.399999999999984,2.5264653015446,2.062510566365742,0.5727666626638008,AVOID,0.16754853453400675,9.488699127588198,0.35953456869905037,0.08,0.0
8.449999999999985,2.529826920644979,2.0646784033116323,0.5727666626638008,AVOID,0.16514200651794192,9.484820785144152,0.35749542346176894,0.08,0.0
8.499999999999986,2.5331885397453577,2.0668462402575227,0.5727666626638008,AVOID,0.16274397558124332,9.48094254379342,0.35547189054001543,0.08,0.0
8.549999999999986,2.5365501588457366,2.069014077203413,0.5727666626638008,AVOID,0.1603545414746853,9.477064403660108,0.3534640952167351,0.08,0.0
8.599999999999987,2.5399117779461156,2.0711819141493035,0.5727666626638008,AVOID,0.15797380611553208,9.47318636486853,0.35147216312885626,0.08,0.0
8.649999999999988,2.5432733970464945,2.073349751095194,0.5727666626638008,AVOID,0.15560187365423944,9.469308427543194,0.3494962202456326,0.08,0.0
8.699999999999989,2.5466350161468734,2.0755175880410843,0.5727666626638008,AVOID,0.1532388505438304,9.465430591808808,0.3475363928463236,0.08,0.0
8.74999999999999,2.5499966352472523,2.0776854249869747,0.5727666626638008,AVOID,0.15088484561207366,9.461552857790286,0.34559280749720783,0.08,0.0
8.79999999999999,2.553358254347631,2.079853261932865,0.5727666626638008,AVOID,0.14853997013661324,9.457675225612743,0.34366559102792676,0.08,0.0
8.84999999999999,2.55671987344801,2.0820210988787555,0.5727666626638008,AVOID,0.1462043379231862,9.45379769540149,0.34175487050715353,0.08,0.0
8.899999999999991,2.560081492548389,2.084188935824646,0.5727666626638008,AVOID,0.14387806538709896,9.44992026728205,0.33986077321758684,0.08,0.0
8.949999999999992,2.563443111648768,2.0863567727705363,0.5727666626638008,AVOID,0.1415612716381171,9.446042941380139,0.3379834266302661,0.08,0.0
8.999999999999993,2.566804730749147,2.0885246097164267,0.5727666626638008,AVOID,0.13925407856895522,9.442165717821682,0.33612295837820644,0.08,0.0
9.049999999999994,2.5701663498495257,2.090692446662317,0.5727666626638008,AVOID,0.13695661094754852,9.438288596732807,0.334279496229354,0.08,0.0
9.099999999999994,2.5735279689499047,2.0928602836082075,0.5727666626638008,AVOID,0.13466899651331132,9.434411578239844,0.3324531680588609,0.08,0.0
9.149999999999995,2.5768895880502836,2.095028120554098,0.5727666626638008,AVOID,0.13239136607759078,9.43053466246933,0.3306441018206792,0.08,0.0
9.199999999999996,2.5802512071506625,2.0971959574999883,0.5727666626638008,AVOID,0.13012385362854512,9.426657849548006,0.3288524255184781,0.08,0.0
9.249999999999996,2.5836128262510414,2.0993637944458787,0.5727666626638008,AVOID,0.1278665964406855,9.422781139602815,0.3270782671758828,0.08,0.0
9.299999999999997,2.5869744453514203,2.101531631391769,0.5727666626638008,AVOID,0.12561973518933822,9.41890453276091,0.32532175480604203,0.08,0.0
9.349999999999998,2.590336064451799,2.1036994683376595,0.5727666626638008,AVOID,0.1233834140703004,9.41502802914965,0.32358301638052406,0.08,0.0
9.399999999999999,2.593697683552178,2.10586730528355,0.5727666626638008,AVOID,0.1211577809249817,9.411151628896596,0.321862179797548,0.08,0.0
9.45,2.597059302652557,2.1080351422294403,0.5727666626638008,AVOID,0.11894298737134057,9.407275332129519,0.3201593728495559,0.08,0.0
9.5,2.600420921752936,2.1102029791753307,0.5727666626638008,AVOID,0.11673918894094926,9.403399138976397,0.31847472319013054,0.08,0.0
9.55,2.603782540853315,2.112370816121221,0.5727666626638008,AVOID,0.11454654522254065,9.399523049565415,0.3168083583002666,0.08,0.0
9.600000000000001,2.6071441599536938,2.1145386530671115,0.5727666626638008,AVOID,0.11236522001241811,9.39564706402497,0.31516040545400453,0.08,0.0
9.650000000000002,2.6105057790540727,2.116706490013002,0.5727666626638008,AVOID,0.11019538147213098,9.39177118248366,0.3135309916834336,0.08,0.0
9.700000000000003,2.6138673981544516,2.1188743269588923,0.5727666626638008,AVOID,0.10803720229385283,9.3878954050703,0.3119202437430774,0.08,0.0
9.750000000000004,2.6172290172548305,2.1210421639047827,0.5727666626638008,AVOID,0.10589085987392738,9.384019731913906,0.31032828807366925,0.08,0.0
9.800000000000004,2.6205906363552094,2.123210000850673,0.5727666626638008,AVOID,0.10375653649507965,9.380144163143711,0.30875525076533256,0.08,0.0
9.850000000000005,2.6239522554555883,2.1253778377965635,0.5727666626638008,AVOID,0.10163441951782981,9.376268698889156,0.30720125752017696,0.08,0.0
9.900000000000006,2.627313874555967,2.127545674742454,0.5727666626638008,AVOID,0.09952470158168325,9.37239333927989,0.3056664336143257,0.08,0.0
9.950000000000006,2.630675493656346,2.1297135116883443,0.5727666626638008,AVOID,0.09742758081671704,9.368518084445775,0.3041509038593884,0.08,0.0
10.000000000000007,2.634037112756725,2.1318813486342347,0.5727666626638008,AVOID,0.0953432610662246,9.364642934516887,0.3026547925633954,0.08,0.0
10.050000000000008,2.637398731857104,2.134049185580125,0.5727666626638008,AVOID,0.09327195212113781,9.360767889623508,0.3011782234912121,0.08,0.0
10.100000000000009,2.640760350957483,2.1362170225260155,0.5727666626638008,AVOID,0.09121386996699488,9.356892949896137,0.29972131982444933,0.08,0.0
10.15000000000001,2.6441219700578618,2.138384859471906,0.5727666626638008,AVOID,0.08916923704428731,9.353018115465485,0.2982842041208919,0.08,0.0
10.20000000000001,2.6474835891582407,2.1405526964177963,0.5727666626638008,AVOID,0.08713828252308348,9.349143386462476,0.29686699827346247,0.08,0.0
10.25000000000001,2.6508452082586196,2.1427205333636867,0.5727666626638008,AVOID,0.08512124259289655,9.345268763018243,0.295469823468746,0.08,0.0
10.300000000000011,2.6542068273589985,2.144888370309577,0.5727666626638008,AVOID,0.08311836076884999,9.341394245264143,0.2940928001450937,0.08,0.0
10.350000000000012,2.6575684464593774,2.1470562072554675,0.5727666626638008,AVOID,0.0811298882152689,9.337519833331736,0.2927360479503334,0.08,0.0
10.400000000000013,2.6609300655597563,2.149224044201358,0.5727666626638008,AVOID,0.07915608408793373,9.333645527352806,0.29139968569910907,0.08,0.0
10.450000000000014,2.664291684660135,2.1513918811472483,0.5727666626638008,AVOID,0.07719721589632506,9.329771327459346,0.29008383132987575,0.08,0.0
10.500000000000014,2.667653303760514,2.1535597180931387,0.5727666626638008,AVOID,0.07525355988730958,9.32589723378357,0.28878860186157757,0.08,0.0
10.550000000000015,2.671014922860893,2.155727555039029,0.5727666626638008,AVOID,0.07332540145184013,9.322023246457903,0.28751411335003657,0.08,0.0
10.600000000000016,2.674376541961272,2.1578953919849195,0.5727666626638008,AVOID,0.07141303555638118,9.31814936561499,0.2862604808440808,0.08,0.0
10.650000000000016,2.677738161061651,2.16006322893081,0.5727666626638008,AVOID,0.0695167672009252,9.314275591387693,0.2850278183414418,0.08,0.0
10.700000000000017,2.6810997801620298,2.1622310658767003,0.5727666626638008,AVOID,0.06763691190563226,9.310401923909088,0.28381623874445433,0.08,0.0
10.750000000000018,2.6844613992624087,2.1643989028225907,0.5727666626638008,AVOID,0.06577379622831142,9.306528363312474,0.2826258538155874,0.08,0.0
10.800000000000018,2.6878230183627876,2.166566739768481,0.5727666626638008,AVOID,0.06392775831517289,9.302654909731363,0.28145677413284226,0.08,0.0
10.85000000000002,2.6911846374631665,2.1687345767143715,0.5727666626638008,AVOID,0.062099148487500755,9.298781563299492,0.2803091090450501,0.08,0.0
10.90000000000002,2.6945462565635454,2.170902413660262,0.5727666626638008,AVOID,0.060288329867160206,9.29490832415081,0.27918296662710423,0.08,0.0
10.95000000000002,2.6979078756639243,2.1730702506061523,0.5727666626638008,AVOID,0.058495679044127225,9.291035192419494,0.2780784536351633,0.08,0.0
11.000000000000021,2.7012694947643032,2.1752380875520427,0.5727666626638008,AVOID,0.05672158678954936,9.287162168239933,0.27699567546186105,0.08,0.0
11.050000000000022,2.704631113864682,2.177405924497933,0.5727666626638008,AVOID,0.05496645881819384,9.283289251746739,0.2759347360915608,0.08,0.0
11.100000000000023,2.707992732965061,2.1795737614438235,0.5727666626638008,AVOID,0.053230716604535544,9.27941644307475,0.2748957380556922,0.08,0.0
11.150000000000023,2.71135435206544,2.181741598389714,0.5727666626638008,AVOID,0.051514798257171646,9.275543742359018,0.2738787823882098,0.08,0.0
11.200000000000024,2.714715971165819,2.1839094353356043,0.5727666626638008,AVOID,0.04981915945674814,9.271671149734821,0.2728839685812116,0.08,0.0
11.250000000000025,2.7180775902661978,2.1860772722814947,0.5727666626638008,AVOID,0.048144274463132575,9.267798665337661,0.27191139454075935,0.08,0.0
11.300000000000026,2.7214392093665767,2.188245109227385,0.5727666626638008,AVOID,0.04649063719819291,9.263926289303258,0.27096115654293923,0.08,0.0
11.350000000000026,2.7248008284669556,2.1904129461732755,0.5727666626638008,AVOID,0.04485876241124093,9.260054021767559,0.2700333491902062,0.08,0.0
11.400000000000027,2.7281624475673345,2.192580783119166,0.5727666626638008,AVOID,0.043249186934997796,9.256181862866733,0.2691280653680517,0.08,0.0
11.450000000000028,2.7315240666677134,2.1947486200650563,0.5727666626638008,AVOID,0.04166247104083043,9.25230981273717,0.2682453962020372,0.08,0.0
11.500000000000028,2.7348856857680923,2.1969164570109467,0.5727666626638008,AVOID,0.04009919990303018,9.248437871515494,0.2673854310152369,0.08,0.0
11.55000000000003,2.7382473048684712,2.199084293956837,0.5727666626638008,AVOID,0.03855998518306192,9.244566039338544,0.2665482572861297,0.08,0.0
11.60000000000003,2.74160892396885,2.2012521309027275,0.5727666626638008,AVOID,0.037045466746030764,9.24069431634339,0.2657339606069859,0.08,0.0
11.65000000000003,2.744970543069229,2.203419967848618,0.5727666626638008,AVOID,0.03555631452311819,9.236822702667327,0.26494262464278945,0.08,0.0
11.700000000000031,2.748332162169608,2.2055878047945083,0.5727666626638008,AVOID,0.03409323053546648,9.232951198447875,0.26417433109073823,0.08,0.0
11.750000000000032,2.751693781269987,2.2077556417403987,0.5727666626638008,AVOID,0.032656951096966425,9.229079803822781,0.26342915964036745,0.08,0.0
11.800000000000033,2.755055400370366,2.209923478686289,0.5727666626638008,AVOID,0.03124824921567998,9.225208518930021,0.2627071879343362,0.08,0.0
11.850000000000033,2.7584170194707447,2.2120913156321795,0.5727666626638008,AVOID,0.029867937216257245,9.221337343907798,0.26200849152992095,0.08,0.0
11.900000000000034,2.7617786385711236,2.21425915257807,0.5727666626638008,AVOID,0.02851686960874189,9.217466278894545,0.26133314386125855,0.08,0.0
11.950000000000035,2.7651402576715025,2.2164269895239603,0.5727666626638008,AVOID,0.02719594623268723,9.213595324028917,0.2606812162023788,0.08,0.0
12.000000000000036,2.7685018767718814,2.2185948264698507,0.5727666626638008,AVOID,0.02590611570960008,9.20972447944981,0.2600527776310701,0.08,0.0
12.050000000000036,2.7718634958722603,2.220762663415741,0.5727666626638008,AVOID,0.02464837924152588,9.205853745296334,0.25944789499361826,0.08,0.0
12.100000000000037,2.7752251149726392,2.2229305003616315,0.5727666626638008,AVOID,0.023423794799185743,9.201983121707844,0.2588666328704578,0.08,0.0
12.150000000000038,2.778586734073018,2.225098337307522,0.5727666626638008,AVOID,0.022233481749669798,9.198112608823918,0.2583090535427774,0.08,0.0
12.200000000000038,2.781948353173397,2.2272661742534123,0.5727666626638008,AVOID,0.0210786259814629,9.194242206784367,0.25777521696011635,0.08,0.0
12.250000000000039,2.785309972273776,2.2294340111993027,0.5727666626638008,AVOID,0.019960485593769173,9.19037191572923,0.25726518070899235,0.08,0.0
12.30000000000004,2.788671591374155,2.231601848145193,0.5727666626638008,AVOID,0.018880397228044576,9.186501735798782,0.25677899998259596,0.08,0.0
12.35000000000004,2.792033210474534,2.2337696850910835,0.5727666626638008,AVOID,0.01783978313267462,9.182631667133531,0.25631672755158835,0.08,0.0
12.400000000000041,2.7953948295749127,2.235937522036974,0.5727666626638008,AVOID,0.016840159067378735,9.178761709874216,0.2558784137360392,0.08,0.0
12.450000000000042,2.7987564486752916,2.2381053589828643,0.5727666626638008,AVOID,0.015883143172725128,9.174891864161808,0.25546410637853595,0.08,0.0
12.500000000000043,2.8021180677756705,2.2402731959287547,0.5727666626638008,AVOID,0.014970465952902384,9.171022130137516,0.25507385081850037,0.08,0.0
12.550000000000043,2.8054796868760494,2.242441032874645,0.5727666626638008,AVOID,0.014103981547549632,9.167152507942777,0.2547076898677419,0.08,0.0
12.600000000000044,2.8088413059764283,2.2446088698205355,0.5727666626638008,AVOID,0.013285680502237773,9.16328299771927,0.25436566378727826,0.08,0.0
12.650000000000045,2.8122029250768072,2.246776706766426,0.5727666626638008,AVOID,0.012517704288721648,9.159413599608904,0.25404781026545414,0.08,0.0
12.700000000000045,2.815564544177186,2.2489445437123163,0.5727666626638008,AVOID,0.011802361877387618,9.155544313753827,0.2537541643973827,0.08,0.0
12.750000000000046,2.818926163277565,2.2511123806582067,0.5727666626638008,AVOID,0.011142148728134571,9.151675140296422,0.2534847586657371,0.08,0.0
12.800000000000047,2.822287782377944,2.253280217604097,0.5727666626638008,AVOID,0.010539768645787373,9.14780607937931,0.25323962292291763,0.08,0.0
12.850000000000048,2.825649401478323,2.2554480545499875,0.5727666626638008,AVOID,0.009998159046811922,9.143937131145345,0.2530187843746143,0.08,0.0
12.900000000000048,2.829011020578702,2.257615891495878,0.5727666626638008,AVOID,0.009520520311933789,9.140068295737622,0.25282226756478804,0.08,0.0
12.950000000000049,2.8323726396790807,2.2597837284417683,0.5727666626638008,AVOID,0.00911035006286906,9.136199573299477,0.25265009436208924,0.08,0.0
13.00000000000005,2.8357342587794596,2.2619515653876587,0.5727666626638008,AVOID,0.00877148341257572,9.13233096397448,0.2525022839477307,0.08,0.0
13.05000000000005,2.8390958778798385,2.264119402333549,0.5727666626638008,AVOID,0.00850814051351323,9.128462467906441,0.25237885280483113,0.08,0.0
13.100000000000051,2.8424574969802174,2.2662872392794395,0.5727666626638008,AVOID,0.008324983090225918,9.124594085239412,0.25227981470924205,0.08,0.0
13.150000000000052,2.8458191160805963,2.26845507622533,0.5727666626638008,AVOID,0.008227182123483806,9.120725816117682,0.25220518072187176,0.08,0.0
13.200000000000053,2.8491807351809753,2.2706229131712203,0.5727666626638008,AVOID,0.008220499499713624,9.116857660685783,0.2521549591825141,0.08,0.0
13.250000000000053,2.852542354281354,2.2727907501171107,0.5727666626638008,AVOID,0.008311387319300367,9.112989619088488,0.2521291557051924,0.08,0.0
13.300000000000054,2.855903973381733,2.274958587063001,0.5727666626638008,AVOID,0.008507109770810317,9.109121691470811,0.2521277731750217,0.08,0.0
13.350000000000055,2.859265592482112,2.2771264240088915,0.5727666626638008,AVOID,0.008815894176408046,9.105253877978008,0.2521508117465974,0.08,0.0
13.400000000000055,2.862627211582491,2.279294260954782,0.5727666626638008,AVOID,0.009247120228597305,9.101386178755577,0.25219826884390756,0.08,0.0
13.450000000000056,2.86598883068287,2.2814620979006723,0.5727666626638008,AVOID,0.009811559933292247,9.097518593949262,0.2522701391617738,0.08,0.0
13.500000000000057,2.8693504497832487,2.2836299348465627,0.5727666626638008,AVOID,0.010521685931604546,9.093651123705046,0.252366414668815,0.08,0.0
13.550000000000058,2.8727120688836276,2.285797771792453,0.5727666626638008,AVOID,0.011392073650214357,9.089783768169161,0.25248708461193264,0.08,0.0
13.600000000000058,2.8760736879840065,2.2879656087383435,0.5727666626638008,AVOID,0.012439934747201759,9.085916527488079,0.2526321355223103,0.08,0.0
13.650000000000059,2.8794353070843854,2.290133445684234,0.5727666626638008,AVOID,0.013685838403419665,9.082049401808522,0.25280155122291986,0.08,0.0
13.70000000000006,2.8827969261847644,2.2923012826301243,0.5727666626638008,AVOID,0.015154708273613399,9.078182391277455,0.25299531283752624,0.08,0.0
13.75000000000006,2.8861585452851433,2.2944691195760147,0.5727666626638008,AVOID,0.016877235998995682,9.074315496042088,0.2532133988011755,0.08,0.0
13.800000000000061,2.889520164385522,2.296636956521905,0.5727666626638008,AVOID,0.018891946156261247,9.070448716249878,0.2534557848721573,0.08,0.0
13.850000000000062,2.892881783485901,2.2988047934677955,0.5727666626638008,AVOID,0.021248322214746,9.066582052048531,0.2537224441454216,0.08,0.0
13.900000000000063,2.89624340258628,2.300972630413686,0.5727666626638008,AVOID,0.024011747433640554,9.062715503586,0.25401334706743656,0.08,0.0
13.950000000000063,2.899605021686659,2.3031404673595763,0.5727666626638008,AVOID,0.027271743770995505,9.058849071010487,0.2543284614524652,0.08,0.0
14.000000000000064,2.902966640787038,2.3053083043054667,0.5727666626638008,AVOID,0.031156680525599,9.054982754470439,0.2546677525002424,0.08,0.0
14.050000000000065,2.9063282598874167,2.307476141251357,0.5727666626638008,AVOID,0.03586251764527469,9.051116554114556,0.2550311828150286,0.08,0.0
14.100000000000065,2.9096898789877956,2.3096439781972475,0.5727666626638008,AVOID,0.04171654342685828,9.047250470091786,0.25541871242601616,0.08,0.0
14.150000000000066,2.9130514980881745,2.311811815143138,0.5727666626638008,AVOID,0.04934869631984725,9.043384502551328,0.255830298809063,0.08,0.0
14.200000000000067,2.9164131171885534,2.3139796520890283,0.5727666626638008,AVOID,0.06034120886656298,9.039518651642632,0.25626589690972595,0.08,0.0
14.250000000000068,2.9197747362889324,2.3161474890349187,0.5727666626638008,AVOID,0.08492967364896518,9.0356529175154,0.25672545916756534,0.08,0.0
14.300000000000068,2.9231363553893113,2.318315325980809,0.5727666626638008,RUN,2.0,9.03178730031958,0.2572089355416906,0.64,1.170005382964826
14.350000000000069,2.949506840082222,2.3364345294866453,0.6312669318120419,RUN,2.0,9.000642880263037,0.26100580724922323,0.64,0.39041034465923485
14.40000000000007,2.9751538537219995,2.355570834653966,0.6507874490450036,RUN,2.0,8.969236869412128,0.2650829786267393,0.64,0.42101483766349457
14.45000000000007,3.0004073598823213,2.375223381895749,0.6718381909281783,RUN,2.0,8.937716547705852,0.2700194391365491,0.64,0.3667346373422375
14.500000000000071,3.0252690726594755,2.3953695116975684,0.6901749227952902,RUN,2.0,8.90609642554657,0.2758130171757343,0.64,0.32756666083731134
14.550000000000072,3.0497774401966806,2.4159441813235167,0.7065532558371559,RUN,2.0,8.874397981533171,0.2825125108148751,0.64,0.2916533712807289
14.600000000000072,3.073964433688102,2.4368958208651117,0.7211359244011923,RUN,2.0,8.842637276252567,0.2901476777228566,0.64,0.25978570750732954
14.650000000000073,3.097860342879723,2.4581789392084326,0.7341252097765589,RUN,2.0,8.81082716454976,0.2987380960943313,0.64,0.23139147085412604
14.700000000000074,3.1214931468794394,2.4797539050917403,0.7456947833192653,RUN,2.0,8.778977842570956,0.30829325810375535,0.64,0.2061047943588325
14.750000000000075,3.1448885948244465,2.5015860821077442,0.756000023037207,RUN,2.0,8.747097405155188,0.31881370452804775,0.64,0.18358378108844456
14.800000000000075,3.1680702633464173,2.52364516310817,0.7651792120916294,RUN,2.0,8.71519227708698,0.33029208273785776,0.64,0.163525830911534
14.850000000000076,3.1910596551463466,2.5459045916722625,0.7733555036372062,RUN,2.0,8.683267557196753,0.342714227546325,0.64,0.1456613042154741
14.900000000000077,3.213876316782966,2.5683410670066085,0.78063856884798,RUN,2.0,8.651327291684135,0.35606022619278493,0.64,0.12975013077982006
14.950000000000077,3.2365379676034096,2.590934118828132,0.7871260753869711,RUN,2.0,8.619374691245206,0.3703054450861098,0.64,0.11557853937542581
15.000000000000078,3.259060633142425,2.613665741894448,0.7929050023557425,RUN,2.0,8.587412303493274,0.3854214973462034,0.64,0.10295617562270443
15.050000000000079,3.2814587783840454,2.6365200812725496,0.7980528111368779,RUN,2.0,8.555442149846401,0.40137713476918496,0.64,0.0917135335357139
15.10000000000008,3.3037454377040594,2.6594831608118623,0.8026384878136636,RUN,2.0,8.523465834184217,0.418139052793248,0.64,0.081699669652995
15.15000000000008,3.3259323393803224,2.6825426484480506,0.8067234712963134,RUN,2.0,8.491484629083882,0.43567260199947416,0.64,0.07278016818108107
15.200000000000081,3.348030023343115,2.705687652951493,0.8103624797053675,RUN,2.0,8.459499544254264,0.4539424041828905,0.64,0.0648353295366246
15.250000000000082,3.3700479514108266,2.72890854756891,0.8136042461821988,RUN,2.0,8.427511380838812,0.47291287480512995,0.64,0.05775855768897451
15.300000000000082,3.3919946096696236,2.7521968167098505,0.8164921740666475,RUN,2.0,8.395520774502621,0.4925486565667703,0.64,0.051454924435233654
15.350000000000083,3.4138776029493005,2.7755449224209876,0.819064920288409,RUN,2.0,8.363528229618801,0.5128149709067393,0.64,0.04583989115696034
15.400000000000084,3.435703741551542,2.7989461878876103,0.8213569148462572,RUN,2.0,8.331534146392075,0.5336778955204009,0.64,0.040838170754863866
15.450000000000085,3.45747912052418,2.822394695618595,0.8233988233840002,RUN,2.0,8.299538842378334,0.5551045766058125,0.64,0.03638271436569687
15.500000000000085,3.4792091918631893,2.845885198321003,0.825217959102285,RUN,2.0,8.267542569557923,0.5770633846373725,0.64,0.03241380916136093
15.550000000000086,3.500898830076112,2.8694130407646465,0.826838649560353,RUN,2.0,8.23554552788125,0.599524022164851,0.64,0.028878275037996344
15.600000000000087,3.522552391566334,2.892974091184321,0.8282825633122526,RUN,2.0,8.203547876015698,0.6224575915679578,0.64,0.02572874934374844
15.650000000000087,3.544173768304619,2.916564680976041,0.8295690007794398,RUN,2.0,8.171549739872086,0.6458366299665725,0.64,0.022923049986884318
15.700000000000088,3.5657664362479444,2.940181551619503,0.830715153278784,RUN,2.0,8.139551219369652,0.6696351176770665,0.64,0.020423608326946813
15.750000000000089,3.5873334989506347,2.963821807908129,0.8317363336951313,RUN,2.0,8.107552393803413,0.693828465777971,0.64,0.01819696419611383
15.80000000000009,3.6088777267914445,2.987482876694269,0.8326461819049369,RUN,1.9956204460058813,8.075553326102801,0.7183934875462032,0.64,0.016213316238110335
15.85000000000009,3.6304015922156765,3.0111624704644377,0.8334568477168425,RUN,1.963526633849449,8.04355406621063,0.7433083577769539,0.64,0.014446121499915171
15.900000000000091,3.651907301364652,3.034858555151132,0.8341791537918382,RUN,1.93144788414212,8.011554653764172,0.7685525633217722,0.64,0.012871738877051635
15.950000000000092,3.6733968224375317,3.058569321665793,0.8348227407356905,RUN,1.8993815600103714,7.979555120222521,0.7941068475780686,0.64,0.011469111605749212
16.000000000000092,3.6948719111033483,3.0822931607044737,0.835396196315978,RUN,1.8673255259607155,7.947555490554645,0.8199531511401938,0.64,0.010219484522546302
16.050000000000093,3.7163341332544917,3.1060286404353548,0.8359071705421055,RUN,1.8352780461466187,7.915555784578862,0.8460745503741685,0.64,0.00910615228132387
16.100000000000094,3.7377848853677236,3.129774486726575,0.8363624781561718,RUN,1.8032377042086623,7.883556018025788,0.8724551952998818,0.64,0.008114235135642281
16.150000000000095,3.759225412714784,3.1535295656158056,0.836768189912954,RUN,1.7712033399853764,7.851556203381788,0.899080247848848,0.64,0.007230479266230803
16.200000000000095,3.780656825642197,3.1772928677597037,0.8371297138762657,RUN,1.7391739994353863,7.819556350558349,0.9259358213049889,0.64,0.006443078964599142
16.250000000000096,3.802080114119235,3.201063494633516,0.8374518678244955,RUN,1.7071488949199927,7.787556467423318,0.9530089215234148,0.64,0.005741518278672602
16.300000000000097,3.82349616073364,3.2248406462791053,0.837738943738429,RUN,1.6751273736229377,7.7555565602224386,0.9802873903501976,0.64,0.005116429988598109
16.350000000000097,3.84490575229718,3.2486236104235786,0.837994765237859,RUN,1.64310889237191,7.723556633913926,1.0077598515287578,0.64,0.004559470014833075
16.400000000000098,3.8663095902068534,3.272411752812218,0.8382227387386005,RUN,1.611092997505431,7.6915566924339664,1.0354156592697548,0.64,0.004063205568295767
16.4500000000001,3.8877082996929175,3.2962045086174783,0.8384258990170155,RUN,1.5790793087241308,7.659556738907563,1.0632448495764064,0.64,0.003621015537951661
16.5000000000001,3.9091024380718125,3.320001374802459,0.8386069497939133,RUN,1.5470675060948356,7.627556775815721,1.0912380943520879,0.64,0.003227001775879409
16.5500000000001,3.9304925021094164,3.343801903331155,0.8387682998827071,RUN,1.5150573195557167,7.595556805128187,1.1193866582668526,0.64,0.002875910086584002
16.6000000000001,3.951878934589672,3.3676056951300097,0.8389120953870361,RUN,1.4830485204103536,7.563556828408934,1.1476823583231173,0.64,0.0025630598585395566
16.6500000000001,3.973262130173339,3.3914123947170935,0.839040248379963,RUN,1.451040914407467,7.531556846899751,1.176117526034023,0.64,0.00228428139146506
16.700000000000102,3.9946424406230676,3.415221685423859,0.8391544624495362,RUN,1.4190343360889273,7.4995568615866715,1.2046849721094643,0.64,0.0020358600774942415
16.750000000000103,4.016020179462856,3.4390332851436085,0.8392562554534111,RUN,1.3870286441550665,7.4675568732526,1.2333779535327438,0.64,0.001814486685859603
16.800000000000104,4.037395626132593,3.462846942547827,0.8393469797877042,RUN,1.3550237176490776,7.435556882519282,1.2621901429033404,0.64,0.0016172130832867834
16.850000000000104,4.0587690296922005,3.4866624337190046,0.8394278404418687,RUN,1.3230194528025243,7.40355688988031,1.291115599918508,0.64,0.0014414127950630197
16.900000000000105,4.0801406121235,3.510479559152998,0.8394999110816217,RUN,1.2910157604177335,7.3715568957279025,1.3201487448649032,0.64,0.0012847458774113722
16.950000000000106,4.101510571274559,3.534298141090801,0.8395641483754925,RUN,1.2590125636857248,7.339556900373371,1.3492843339954932,0.64,0.0011451276296812027
17.000000000000107,4.12287908348344,3.5581180211429455,0.8396214047569766,RUN,1.2270097963613618,7.3075569040639365,1.37851743666691,0.64,0.0010207007255255316
17.050000000000107,4.144246305917193,3.5819390581741004,0.8396724397932527,RUN,1.1950074012309773,7.2755569069960675,1.4078434141198097,0.64,0.0009098103900323326
17.100000000000108,4.165612378657215,3.6057611264196225,0.8397179303127542,RUN,1.163005328820418,7.24355690932556,1.4126311609805526,0.64,0.0008109822892890035
17.15000000000011,4.18697742655695,3.629584113808164,0.8397584794272186,RUN,1.131003536303142,7.211556911176254,1.3806356741309038,0.64,0.0007229028352070542
17.20000000000011,4.208341560897907,3.6534079204675436,0.8397946245689791,RUN,1.099001986573818,7.179556912647013,1.3486403116775165,0.64,0.0006444016424877103
17.25000000000011,4.229704880866734,3.6772324573953483,0.8398268446511032,RUN,1.0670006474581304,7.147556913815532,1.316645082100544,0.64,0.0005744359017498606
17.30000000000011,4.251067474870069,3.7010576452726127,0.8398555664461909,RUN,1.034999491041018,7.115556914743973,1.2846499941747749,0.64,0.0005120764596920775
17.35000000000011,4.27242942170642,3.724883413409316,0.8398811702691753,RUN,1.002998493090114,7.083556915481886,1.2526550570261055,0.64,0.00045649541848293967
17.400000000000112,4.293790791612764,3.748709698803623,0.8399039950400997,RUN,0.9709976325608132,7.051556916068107,1.2206602801895918,0.64,0.0004069550915261487
17.450000000000113,4.315151647193488,3.7725364453044676,0.8399243427946761,RUN,0.9389968911726693,7.019556916534258,1.1886656736722576,0.64,0.0003627981619937547
17.500000000000114,4.3365120442524585,3.796363602865995,0.8399424827027757,RUN,0.9069962530414737,6.987556916904516,1.156671248016118,0.64,0.00032343891902267605
17.550000000000114,4.357872032531304,3.8201911268813546,0.839958654648727,RUN,0.8749957043652816,6.9555569171989164,1.1246770143693603,0.64,0.0002883554486910334
17.600000000000115,4.379231656369029,3.844018977591986,0.8399730724211616,RUN,0.8429952331498359,6.923556917432953,1.0926829845593187,0.64,0.0002570826774739043
17.650000000000116,4.400590955289545,3.867847119559201,0.8399859265550353,RUN,0.8109948289726644,6.8915569176189155,1.060689171173637,0.64,0.00022920617595849148
17.700000000000117,4.421949964524174,3.891675521194429,0.8399973868638333,RUN,0.7789944827785212,6.85955691776695,1.0286955876486368,0.64,0.00020435663726114207
17.750000000000117,4.443308715479816,3.915504154340397,0.8400076046956961,RUN,0.7469941867005057,6.827556917884461,0.9967022483647965,0.64,0.0001822049599417095
17.800000000000118,4.464667236154128,3.9393329938970965,0.840016714943693,RUN,0.7149939339066368,6.795556917977537,0.964709168754329,0.64,0.0001624578659024174
17.85000000000012,4.486025551504099,3.9631620174895943,0.8400248378369879,AVOID,0.682993718466604,6.763556918052318,0.9327163654203809,0.32,-1.5271630954950384
17.90000000000012,4.497148952015016,3.974657477454267,0.7636666830622358,AVOID,0.6724654404553074,6.747572528639154,0.9167489452188542,0.32,-1.5271630954950384
17.95000000000012,4.509116859783377,3.985270903968531,0.6873085282874838,AVOID,0.6550756599502121,6.731681757604597,0.9009033179459409,0.32,-1.5271630954950384
18.00000000000012,4.521859529009522,3.9949404447910695,0.6109503735127317,AVOID,0.6353040858183484,6.715978203442224,0.8852770637799094,0.32,2.0
18.05000000000012,4.534484813896295,4.004758230656166,0.7109503735127318,AVOID,0.6254794945177165,6.700243742694748,0.8696213422251178,0.32,-1.5271630954950384
18.100000000000122,4.54699533762255,4.014726301423394,0.6345922187379798,AVOID,0.6042871221831042,6.684474876373983,0.8539319206701641,0.32,-1.5271630954950384
18.150000000000123,4.560229811394126,4.023710974078263,0.5582340639632277,AVOID,0.5899079962842169,6.668958824070107,0.8385368445868149,0.32,2.0
18.200000000000124,4.573354875207074,4.032849871039665,0.6582340639632278,AVOID,0.5740335276265575,6.653402698205156,0.8231063029368637,0.32,-1.5271630954950384
18.250000000000124,4.586373256080241,4.042144891113168,0.5818759091884758,AVOID,0.5581887920313485,6.637802973526632,0.8076359015222212,0.32,2.0
18.300000000000125,4.599278611762451,4.051591505982035,0.6818759091884758,AVOID,0.5438390827713856,6.622166968641047,0.7921320050166181,0.32,-1.5271630954950384
18.350000000000126,4.6120736236233855,4.061191678386956,0.6055177544137238,AVOID,0.5267062591182768,6.606491165674549,0.7765902367111126,0.32,2.0
18.400000000000126,4.624752058232035,4.070940731348104,0.7055177544137239,AVOID,0.5136615986873938,6.590782944827418,0.7610170313112381,0.32,-1.5271630954950384
18.450000000000127,4.637316549810269,4.0808406904442895,0.6291595996389718,AVOID,0.4954094427618858,6.575038798315033,0.7454080356865151,0.32,-1.5271630954950384
18.500000000000128,4.650599638349665,4.089753333014269,0.5528014448642198,AVOID,0.48238246565037357,6.5595583568231595,0.7301253404155841,0.32,2.0
18.55000000000013,4.6637741563827495,4.0988207919946555,0.6528014448642199,AVOID,0.4649304637245141,6.5440363840551825,0.7148061100827694,0.32,-1.5271630954950384
18.60000000000013,4.6768428412035625,4.108044951348217,0.5764432900894678,AVOID,0.4507077735881633,6.528469347227002,0.6994458502815752,0.32,-1.5271630954950384
18.65000000000013,4.690577101142801,4.116245301502149,0.5000851353147158,AVOID,0.4410932873363411,6.513231584727709,0.6844924395442991,0.32,-1.5271630954950384
18.70000000000013,4.704896896567747,4.123374052985639,0.4237269805399637,AVOID,0.4361340891922918,6.498414521728133,0.6700484555304123,0.32,-0.6544984694978735
18.75000000000013,4.719586931676089,4.129712824398517,0.39100205706506985,AVOID,0.4275486428008558,6.483951974552741,0.6560408643887483,0.32,-0.6544984694978735
18.800000000000132,4.734476500342508,4.135567557478431,0.358277133590176,AVOID,0.4200160190747976,6.469729029409706,0.6423446375440132,0.32,-0.6544984694978735
18.850000000000133,4.749549658443932,4.140931982830556,0.3255522101152821,AVOID,0.41358174807710435,6.4557625499636435,0.6289847838623146,0.32,-0.6544984694978735
18.900000000000134,4.764790265265126,4.145800356093858,0.29282728664038826,AVOID,0.4083131681747886,6.442069207955745,0.6159865968181413,0.32,-0.6544984694978735
18.950000000000134,4.780182000782569,4.150167464092308,0.2601023631654944,AVOID,0.40430470533075646,6.428665458154455,0.6033755828885226,0.32,-0.6544984694978735
19.000000000000135,4.795708383140348,4.154028630417279,0.22737743969060054,AVOID,0.40168571358822547,6.415567513042925,0.591177379741576,0.32,-0.6544984694978735
19.050000000000136,4.8113527862993415,4.157379720435156,0.19465251621570667,AVOID,0.4006323001074168,6.402791317300212,0.5794176638783328,0.32,-0.6544984694978735
19.100000000000136,4.827098457840798,4.160217145714813,0.1619275927408128,AVOID,0.40138565175558916,6.390352522137376,0.5681220475550022,0.32,-0.6544984694978735
19.150000000000137,4.8429285369052435,4.162537867870191,0.12920266926591895,AVOID,0.40428155264517085,6.378266459553619,0.5573159650189974,0.32,0.0
19.200000000000138,4.858795175942108,4.16459936384978,0.12920266926591895,AVOID,0.39352449787717503,6.3663707641702985,0.5468241652485673,0.08,0.0
19.25000000000014,4.862761835701324,4.165114737844677,0.12920266926591895,AVOID,0.39084574861155985,6.363399651627755,0.544220523097648,0.08,0.0
19.30000000000014,4.86672849546054,4.165630111839574,0.12920266926591895,AVOID,0.3881712563926397,6.360429666759168,0.5416247066838307,0.08,0.0
19.35000000000014,4.870695155219757,4.1661454858344715,0.12920266926591895,AVOID,0.3855010473875019,6.357460811144969,0.5390367678416186,0.08,0.0
19.40000000000014,4.874661814978973,4.166660859829369,0.12920266926591895,AVOID,0.38283514807354513,6.354493086367941,0.5364567587049052,0.08,0.0
19.45000000000014,4.878628474738189,4.167176233824266,0.12920266926591895,AVOID,0.38017358524365086,6.35152649401322,0.5338847317067623,0.08,0.0
19.500000000000142,4.8825951344974055,4.1676916078191635,0.12920266926591895,AVOID,0.37751638601146764,6.348561035668301,0.5313207395791735,0.08,0.0
19.550000000000143,4.886561794256622,4.168206981814061,0.12920266926591895,AVOID,0.37486357781681023,6.34559671292304,0.5287648353527075,0.08,0.0
19.600000000000144,4.890528454015838,4.168722355808958,0.12920266926591895,AVOID,0.37221518843117607,6.342633527369653,0.5262170723561359,0.08,0.0
19.650000000000144,4.894495113775054,4.169237729803855,0.12920266926591895,AVOID,0.3695712459633832,6.339671480602722,0.5236775042159858,0.08,0.0
19.700000000000145,4.898461773534271,4.169753103798753,0.12920266926591895,AVOID,0.3669317788653341,6.3367105742192,0.5211461848560339,0.08,0.0
19.750000000000146,4.902428433293487,4.17026847779365,0.12920266926591895,AVOID,0.3642968159379041,6.333750809818407,0.5186231684967351,0.08,0.0
19.800000000000146,4.906395093052703,4.170783851788547,0.12920266926591895,AVOID,0.36166638633696524,6.33079218900204,0.5161085096545879,0.08,0.0
19.850000000000147,4.9103617528119194,4.171299225783445,0.12920266926591895,AVOID,0.35904051957954275,6.32783471337417,0.5136022631414323,0.08,0.0
19.900000000000148,4.914328412571136,4.171814599778342,0.12920266926591895,AVOID,0.3564192455501095,6.324878384541245,0.5111044840636816,0.08,0.0
19.95000000000015,4.918295072330352,4.172329973773239,0.12920266926591895,AVOID,0.3538025945070251,6.321923204112098,0.5086152278214842,0.08,0.0
20.00000000000015,4.922261732089568,4.172845347768137,0.12920266926591895,AVOID,0.3511905970891205,6.318969173697945,0.5061345501078145,0.08,0.0
20.05000000000015,4.926228391848785,4.173360721763034,0.12920266926591895,AVOID,0.3485832843224327,6.316016294912387,0.5036625069074945,0.08,0.0
20.10000000000015,4.930195051608001,4.173876095757931,0.12920266926591895,AVOID,0.34598068762709566,6.3130645693714165,0.5011991544961389,0.08,0.0
20.15000000000015,4.934161711367217,4.174391469752829,0.12920266926591895,AVOID,0.34338283882438847,6.310113998693417,0.49874454943902835,0.08,0.0
20.200000000000152,4.938128371126433,4.174906843747726,0.12920266926591895,AVOID,0.34078977014394973,6.307164584499166,0.49629874858990397,0.08,0.0
20.250000000000153,4.94209503088565,4.175422217742623,0.12920266926591895,AVOID,0.3382015142311584,6.304216328411838,0.4938618090896867,0.08,0.0
20.300000000000153,4.946061690644866,4.1759375917375205,0.12920266926591895,AVOID,0.33561810415468873,6.301269232057011,0.49143378836511586,0.08,0.0
20.350000000000154,4.950028350404082,4.176452965732418,0.12920266926591895,AVOID,0.3330395734142435,6.298323297062661,0.4890147441273074,0.08,0.0
20.400000000000155,4.953995010163299,4.176968339727315,0.12920266926591895,AVOID,0.33046595594847095,6.295378525059171,0.4866047343702309,0.08,0.0
20.450000000000156,4.957961669922515,4.1774837137222125,0.12920266926591895,AVOID,0.3278972861430701,6.292434917679331,0.48420381736910123,0.08,0.0
20.500000000000156,4.961928329681731,4.17799908771711,0.12920266926591895,AVOID,0.32533359883908985,6.289492476558343,0.48181205167868724,0.08,0.0
20.550000000000157,4.965894989440947,4.178514461712007,0.12920266926591895,AVOID,0.32277492934143026,6.286551203333821,0.4794294961315324,0.08,0.0
20.600000000000158,4.969861649200164,4.1790298357069044,0.12920266926591895,AVOID,0.3202213134275479,6.2836110996457935,0.4770562098360873,0.08,0.0
20.65000000000016,4.97382830895938,4.179545209701802,0.12920266926591895,AVOID,0.31767278735637394,6.28067216713671,0.47469225217475386,0.08,0.0
20.70000000000016,4.977794968718596,4.180060583696699,0.12920266926591895,AVOID,0.3151293878774515,6.277734407451437,0.47233768280183575,0.08,0.0
20.75000000000016,4.981761628477813,4.180575957691596,0.12920266926591895,AVOID,0.31259115224029743,6.274797822237267,0.4699925616413996,0.08,0.0
20.80000000000016,4.985728288237029,4.181091331686494,0.12920266926591895,AVOID,0.31005811820399554,6.27186241314392,0.46765694888503884,0.08,0.0
20.85000000000016,4.989694947996245,4.181606705681391,0.12920266926591895,AVOID,0.3075303240470314,6.268928181823538,0.46533090498954377,0.08,0.0
20.900000000000162,4.993661607755461,4.182122079676288,0.12920266926591895,AVOID,0.30500780857737053,6.265995129930703,0.4630144906744733,0.08,0.0
20.950000000000163,4.997628267514678,4.182637453671186,0.12920266926591895,AVOID,0.30249061114279174,6.263063259122424,0.4607077669196291,0.08,0.0
21.000000000000163,5.001594927273894,4.183152827666083,0.12920266926591895,AVOID,0.29997877164148323,6.260132571058149,0.45841079496242765,0.08,0.0
21.050000000000164,5.00556158703311,4.18366820166098,0.12920266926591895,AVOID,0.2974723305329079,6.2572030673997645,0.45612363629517305,0.08,0.0
21.100000000000165,5.0095282467923266,4.184183575655878,0.12920266926591895,AVOID,0.2949713288489467,6.254274749811598,0.4538463526622236,0.08,0.0
21.150000000000166,5.013494906551543,4.184698949650775,0.12920266926591895,AVOID,0.2924758082053316,6.2513476199604225,0.45157900605705614,0.08,0.0
21.200000000000166,5.017461566310759,4.185214323645672,0.12920266926591895,AVOID,0.28998581081337094,6.248421679515456,0.4493216587192228,0.08,0.0
21.250000000000167,5.021428226069975,4.18572969764057,0.12920266926591895,AVOID,0.28750137949198473,6.2454969301483665,0.4470743731312008,0.08,0.0
21.300000000000168,5.025394885829192,4.186245071635467,0.12920266926591895,AVOID,0.28502255768005436,6.242573373533272,0.4448372120151316,0.08,0.0
21.35000000000017,5.029361545588408,4.186760445630364,0.12920266926591895,AVOID,0.2825493894490968,6.239651011346747,0.44261023832945123,0.08,0.0
21.40000000000017,5.033328205347624,4.1872758196252615,0.12920266926591895,AVOID,0.28008191951627726,6.236729845267822,0.44039351526540793,0.08,0.0
21.45000000000017,5.0372948651068405,4.187791193620159,0.12920266926591895,AVOID,0.27762019325776843,6.233809876977987,0.43818710624346524,0.08,0.0
21.50000000000017,5.041261524866057,4.188306567615056,0.12920266926591895,AVOID,0.27516425672246836,6.230891108161193,0.43599107490959166,0.08,0.0
21.55000000000017,5.045228184625273,4.1888219416099535,0.12920266926591895,AVOID,0.27271415664609155,6.227973540503855,0.43380548513143347,0.08,0.0
21.600000000000172,5.049194844384489,4.189337315604851,0.12920266926591895,AVOID,0.2702699404656388,6.225057175694858,0.431630400994369,0.08,0.0
21.650000000000173,5.053161504143706,4.189852689599748,0.12920266926591895,AVOID,0.2678316563342681,6.222142015425552,0.42946588679744546,0.08,0.0
21.700000000000173,5.057128163902922,4.190368063594645,0.12920266926591895,AVOID,0.2653993531365705,6.219228061389763,0.4273120070491949,0.08,0.0
21.750000000000174,5.061094823662138,4.190883437589543,0.12920266926591895,AVOID,0.26297308050427304,6.216315315283787,0.4251688264633271,0.08,0.0
21.800000000000175,5.0650614834213545,4.19139881158444,0.12920266926591895,AVOID,0.26055288883237626,6.213403778806403,0.42303640995430203,0.08,0.0
21.850000000000176,5.069028143180571,4.191914185579337,0.12920266926591895,AVOID,0.25813882929574605,6.210493453658864,0.4209148226327759,0.08,0.0
21.900000000000176,5.072994802939787,4.192429559574235,0.12920266926591895,AVOID,0.25573095386617406,6.207584341544907,0.4188041298009233,0.08,0.0
21.950000000000177,5.076961462699003,4.192944933569132,0.12920266926591895,AVOID,0.25332931532992153,6.204676444170753,0.41670439694763206,0.08,0.0
22.000000000000178,5.08092812245822,4.193460307564029,0.12920266926591895,AVOID,0.2509339673057668,6.201769763245112,0.4146156897435702,0.08,0.0
22.05000000000018,5.084894782217436,4.193975681558927,0.12920266926591895,AVOID,0.24854496426356854,6.198864300479181,0.4125380740361251,0.08,0.0
22.10000000000018,5.088861441976652,4.194491055553824,0.12920266926591895,AVOID,0.24616236154337157,6.19596005758665,0.41047161584421143,0.08,0.0
22.15000000000018,5.0928281017358685,4.195006429548721,0.12920266926591895,AVOID,0.24378621537506473,6.193057036283702,0.4084163813529489,0.08,0.0
22.20000000000018,5.096794761495085,4.195521803543619,0.12920266926591895,AVOID,0.24141658289861923,6.190155238289019,0.406372436908208,0.08,0.0
22.25000000000018,5.100761421254301,4.196037177538516,0.12920266926591895,AVOID,0.23905352218492293,6.18725466532378,0.4043398490110217,0.08,0.0
22.300000000000182,5.104728081013517,4.196552551533413,0.12920266926591895,AVOID,0.23669709225723368,6.18435531911167,0.4023186843118651,0.08,0.0
22.350000000000183,5.108694740772734,4.1970679255283105,0.12920266926591895,AVOID,0.23434735311327715,6.181457201378872,0.40030900960479876,0.08,0.0
22.400000000000183,5.11266140053195,4.197583299523208,0.12920266926591895,AVOID,0.2320043657480081,6.17856031385408,0.3983108918214775,0.08,0.0
22.450000000000184,5.116628060291166,4.198098673518105,0.12920266926591895,AVOID,0.22966819217706275,6.175664658268495,0.3963243980250215,0.08,0.0
22.500000000000185,5.1205947200503825,4.1986140475130025,0.12920266926591895,AVOID,0.22733889546092956,6.1727702363558326,0.39434959540375214,0.08,0.0
22.550000000000185,5.124561379809599,4.1991294215079,0.12920266926591895,AVOID,0.22501653972985963,6.169877049852319,0.39238655126478816,0.08,0.0
22.600000000000186,5.128528039568815,4.199644795502797,0.12920266926591895,AVOID,0.22270119020955353,6.166985100496698,0.39043533302750544,0.08,0.0
22.650000000000187,5.132494699328031,4.200160169497694,0.12920266926591895,AVOID,0.22039291324764337,6.164094390030232,0.38849600821685537,0.08,0.0
22.700000000000188,5.136461359087248,4.200675543492592,0.12920266926591895,AVOID,0.21809177634101207,6.161204920196705,0.38656864445654615,0.08,0.0
22.75000000000019,5.140428018846464,4.201190917487489,0.12920266926591895,AVOID,0.2157978481639739,6.158316692742425,0.38465330946208276,0.08,0.0
22.80000000000019,5.14439467860568,4.201706291482386,0.12920266926591895,AVOID,0.21351119859735174,6.155429709416225,0.3827500710336671,0.08,0.0
22.85000000000019,5.1483613383648965,4.202221665477284,0.12920266926591895,AVOID,0.2112318987584904,6.152543971969466,0.38085899704895776,0.08,0.0
22.90000000000019,5.152327998124113,4.202737039472181,0.12920266926591895,AVOID,0.20896002103223632,6.149659482156043,0.3789801554556882,0.08,0.0
22.95000000000019,5.156294657883329,4.203252413467078,0.12920266926591895,AVOID,0.20669563910292854,6.14677624173238,0.3771136142641456,0.08,0.0
23.000000000000192,5.160261317642545,4.203767787461976,0.12920266926591895,AVOID,0.2044388279874368,6.143894252457439,0.37525944153950563,0.08,0.0
23.050000000000193,5.164227977401762,4.204283161456873,0.12920266926591895,AVOID,0.2021896640692914,6.14101351609272,0.3734177053940304,0.08,0.0
23.100000000000193,5.168194637160978,4.20479853545177,0.12920266926591895,AVOID,0.19994822513394928,6.138134034402261,0.3715884739791211,0.08,0.0
23.150000000000194,5.172161296920194,4.205313909446668,0.12920266926591895,AVOID,0.19771459040524203,6.135255809152646,0.3697718154772325,0.08,0.0
23.200000000000195,5.1761279566794105,4.205829283441565,0.12920266926591895,AVOID,0.19548884058305455,6.132378842113002,0.36796779809364577,0.08,0.0
23.250000000000195,5.180094616438627,4.206344657436462,0.12920266926591895,AVOID,0.19327105788228816,6.129503135055003,0.3661764900481006,0.08,0.0
23.300000000000196,5.184061276197843,4.20686003143136,0.12920266926591895,AVOID,0.19106132607315718,6.126628689752875,0.3643979595662892,0.08,0.0
23.350000000000197,5.188027935957059,4.207375405426257,0.12920266926591895,AVOID,0.1888597305228814,6.123755507983392,0.36263227487120675,0.08,0.0
23.400000000000198,5.191994595716276,4.207890779421154,0.12920266926591895,AVOID,0.18666635823882838,6.120883591525887,0.3608795041743683,0.08,0.0
23.4500000000002,5.195961255475492,4.2084061534160515,0.12920266926591895,AVOID,0.18448129791317158,6.118012942162247,0.3591397156668825,0.08,0.0
23.5000000000002,5.199927915234708,4.208921527410949,0.12920266926591895,AVOID,0.1823046399691286,6.115143561676918,0.3574129775103906,0.08,0.0
23.5500000000002,5.2038945749939245,4.209436901405846,0.12920266926591895,AVOID,0.18013647660884813,6.112275451856909,0.35569935782786755,0.08,0.0
23.6000000000002,5.207861234753141,4.2099522754007435,0.12920266926591895,AVOID,0.17797690186301962,6.10940861449179,0.35399892469428806,0.08,0.0
23.6500000000002,5.211827894512357,4.210467649395641,0.12920266926591895,AVOID,0.17582601164227962,6.1065430513736985,0.3523117461271573,0.08,0.0
23.700000000000202,5.215794554271573,4.210983023390538,0.12920266926591895,AVOID,0.17368390379049753,6.1036787642973405,0.35063789007690815,0.08,0.0
23.750000000000203,5.21976121403079,4.211498397385435,0.12920266926591895,AVOID,0.17155067814002506,6.100815755059992,0.34897742441716584,0.08,0.0
23.800000000000203,5.223727873790006,4.212013771380333,0.12920266926591895,AVOID,0.16942643656899709,6.097954025461502,0.34733041693488276,0.08,0.0
23.850000000000204,5.227694533549222,4.21252914537523,0.12920266926591895,AVOID,0.1673112830607788,6.095093577304294,0.34569693532034174,0.08,0.0
23.900000000000205,5.2316611933084385,4.213044519370127,0.12920266926591895,AVOID,0.16520532376566022,6.092234412393367,0.344077047157033,0.08,0.0
23.950000000000205,5.235627853067655,4.213559893365025,0.12920266926591895,AVOID,0.16310866706489957,6.0893765325363045,0.34247081991140405,0.08,0.0
24.000000000000206,5.239594512826871,4.214075267359922,0.12920266926591895,AVOID,0.161021423637228,6.086519939543267,0.34087832092248516,0.08,0.0
24.050000000000207,5.243561172586087,4.214590641354819,0.12920266926591895,AVOID,0.1589437065279325,6.083664635227002,0.3392996173913918,0.08,0.0
24.100000000000207,5.247527832345304,4.215106015349717,0.12920266926591895,AVOID,0.15687563122063913,6.080810621402841,0.33773477637070703,0.08,0.0
24.150000000000208,5.25149449210452,4.215621389344614,0.12920266926591895,AVOID,0.15481731571192758,6.0779578998887045,0.33618386475374495,0.08,0.0
24.20000000000021,5.255461151863736,4.216136763339511,0.12920266926591895,AVOID,0.15276888058891552,6.075106472505105,0.33464694926369787,0.08,0.0
24.25000000000021,5.2594278116229525,4.216652137334409,0.12920266926591895,AVOID,0.15073044910995742,6.072256341075147,0.3331240964426698,0.08,0.0
24.30000000000021,5.263394471382169,4.217167511329306,0.12920266926591895,AVOID,0.14870214728861253,6.06940750742453,0.3316153726405978,0.08,0.0
24.35000000000021,5.267361131141385,4.217682885324203,0.12920266926591895,AVOID,0.14668410398104714,6.06655997338155,0.33012084400406505,0.08,0.0
24.40000000000021,5.271327790900601,4.2181982593191005,0.12920266926591895,AVOID,0.14467645097704102,6.0637137407771045,0.32864057646500744,0.08,0.0
24.450000000000212,5.275294450659818,4.218713633313998,0.12920266926591895,AVOID,0.14267932309478648,6.060868811444691,0.32717463572931693,0.08,0.0
24.500000000000213,5.279261110419034,4.219229007308895,0.12920266926591895,AVOID,0.14069285827967004,6.0580251872204105,0.3257230872653438,0.08,0.0
24.550000000000214,5.28322777017825,4.2197443813037925,0.12920266926591895,AVOID,0.13871719770724805,6.055182869942972,0.32428599629230304,0.08,0.0
24.600000000000215,5.2871944299374665,4.22025975529869,0.12920266926591895,AVOID,0.1367524858906315,6.05234186145369,0.32286342776858434,0.08,0.0
24.650000000000215,5.291161089696683,4.220775129293587,0.12920266926591895,AVOID,0.13479887079251873,6.049502163596491,0.3214554463799735,0.08,0.0
24.700000000000216,5.295127749455899,4.221290503288484,0.12920266926591895,AVOID,0.13285650394211906,6.046663778217914,0.3200621165277844,0.08,0.0
24.750000000000217,5.299094409215115,4.221805877283382,0.12920266926591895,AVOID,0.1309255405572355,6.043826707167112,0.31868350231690845,0.08,0.0
24.800000000000217,5.303061068974332,4.222321251278279,0.12920266926591895,AVOID,0.12900613967178415,6.040990952295854,0.31731966754378305,0.08,0.0
24.850000000000218,5.307027728733548,4.222836625273176,0.12920266926591895,AVOID,0.1270984642690529,6.038156515458528,0.3159706756842836,0.08,0.0
24.90000000000022,5.310994388492764,4.223351999268074,0.12920266926591895,AVOID,0.12520268142101737,6.035323398512145,0.3146365898815434,0.08,0.0
24.95000000000022,5.3149610482519805,4.223867373262971,0.12920266926591895,AVOID,0.12331896243405183,6.032491603316336,0.3133174729337044,0.08,0.0
25.00000000000022,5.318927708011197,4.224382747257868,0.12920266926591895,AVOID,0.12144748300140179,6.029661131733358,0.31201338728160377,0.08,0.0
25.05000000000022,5.322894367770413,4.224898121252766,0.12920266926591895,AVOID,0.11958842336280578,6.026831985628098,0.31072439499640103,0.08,0.0
25.10000000000022,5.326861027529629,4.225413495247663,0.12920266926591895,AVOID,0.11774196847167662,6.024004166868067,0.3094505577671479,0.08,0.0
25.150000000000222,5.330827687288846,4.22592886924256,0.12920266926591895,AVOID,0.11590830817028974,6.0211776773234105,0.30819193688830804,0.08,0.0
25.200000000000223,5.334794347048062,4.226444243237458,0.12920266926591895,AVOID,0.11408763737345073,6.018352518866908,0.30694859324723,0.08,0.0
25.250000000000224,5.338761006807278,4.226959617232355,0.12920266926591895,AVOID,0.11228015626114879,6.015528693373971,0.3057205873115775,0.08,0.0
25.300000000000225,5.3427276665664944,4.227474991227252,0.12920266926591895,AVOID,0.11048607048074172,6.012706202722653,0.3045079791167231,0.08,0.0
25.350000000000225,5.346694326325711,4.2279903652221495,0.12920266926591895,AVOID,0.10870559135925384,6.009885048793644,0.30331082825311007,0.08,0.0
25.400000000000226,5.350660986084927,4.228505739217047,0.12920266926591895,AVOID,0.10693893612641481,6.007065233470276,0.3021291938535854,0.08,0.0
25.450000000000227,5.354627645844143,4.229021113211944,0.12920266926591895,AVOID,0.10518632814910978,6.004246758638523,0.30096313458071255,0.08,0.0
25.500000000000227,5.35859430560336,4.2295364872068415,0.12920266926591895,AVOID,0.10344799717796316,6.001429626187007,0.29981270861406684,0.08,0.0
25.550000000000228,5.362560965362576,4.230051861201739,0.12920266926591895,AVOID,0.10172417960683672,5.998613838006997,0.29867797363751825,0.08,0.0
25.60000000000023,5.366527625121792,4.230567235196636,0.12920266926591895,AVOID,0.10001511874607366,5.995799395992409,0.29755898682650983,0.08,0.0
25.65000000000023,5.370494284881008,4.2310826091915335,0.12920266926591895,AVOID,0.09832106511039451,5.992986302039815,0.29645580483533407,0.08,0.0
25.70000000000023,5.374460944640225,4.231597983186431,0.12920266926591895,AVOID,0.09664227672241499,5.990174558048436,0.2953684837844154,0.08,0.0
25.75000000000023,5.378427604399441,4.232113357181328,0.12920266926591895,AVOID,0.09497901943283743,5.987364165920149,0.29429707924760284,0.08,0.0
25.80000000000023,5.382394264158657,4.232628731176225,0.12920266926591895,AVOID,0.09333156725844877,5.98455512755949,0.293241646239479,0.08,0.0
25.850000000000232,5.386360923917874,4.233144105171123,0.12920266926591895,AVOID,0.09170020273915092,5.981747444873655,0.29220223920269217,0.08,0.0
25.900000000000233,5.39032758367709,4.23365947916602,0.12920266926591895,AVOID,0.09008521731535313,5.978941119772498,0.29117891199531587,0.08,0.0
25.950000000000234,5.394294243436306,4.234174853160917,0.12920266926591895,AVOID,0.08848691172716427,5.976136154168538,0.29017171787824303,0.08,0.0
26.000000000000234,5.398260903195522,4.234690227155815,0.12920266926591895,AVOID,0.08690559643694451,5.973332549976958,0.28918070950262087,0.08,0.0
26.050000000000235,5.402227562954739,4.235205601150712,0.12920266926591895,AVOID,0.08534159207691172,5.970530309115611,0.2882059388973316,0.08,0.0
26.100000000000236,5.406194222713955,4.235720975145609,0.12920266926591895,AVOID,0.08379522992364391,5.967729433505013,0.2872474574565259,0.08,0.0
26.150000000000237,5.410160882473171,4.236236349140507,0.12920266926591895,AVOID,0.08226685240148018,5.964929925068355,0.28630531592721586,0.08,0.0
26.200000000000237,5.414127542232388,4.236751723135404,0.12920266926591895,AVOID,0.0807568136170051,5.9621317857315,0.28537956439693246,0.08,0.0
26.250000000000238,5.418094201991604,4.237267097130301,0.12920266926591895,AVOID,0.07926547992699357,5.959335017422983,0.2844702522814543,0.08,0.0
26.30000000000024,5.42206086175082,4.237782471125199,0.12920266926591895,AVOID,0.0777932305424166,5.956539622074019,0.28357742831261545,0.08,0.0
26.35000000000024,5.426027521510036,4.238297845120096,0.12920266926591895,AVOID,0.07634045817135021,5.953745601618499,0.282701140526196,0.08,0.0
26.40000000000024,5.429994181269253,4.238813219114993,0.12920266926591895,AVOID,0.07490756970389284,5.950952957992991,0.2818414362499039,0.08,0.0
26.45000000000024,5.433960841028469,4.2393285931098905,0.12920266926591895,AVOID,0.07349498694250034,5.94816169313675,0.2809983620914547,0.08,0.0
26.50000000000024,5.437927500787685,4.239843967104788,0.12920266926591895,AVOID,0.07210314738148027,5.945371808991709,0.28017196392675314,0.08,0.0
26.550000000000242,5.441894160546902,4.240359341099685,0.12920266926591895,AVOID,0.07073250503974754,5.942583307502493,0.2793622868881869,0.08,0.0
26.600000000000243,5.445860820306118,4.2408747150945825,0.12920266926591895,AVOID,0.06938353135136782,5.9397961906164065,0.2785693753530344,0.08,0.0
26.650000000000244,5.449827480065334,4.24139008908948,0.12920266926591895,AVOID,0.06805671611886788,5.937010460283449,0.27779327293199807,0.08,0.0
26.700000000000244,5.45379413982455,4.241905463084377,0.12920266926591895,AVOID,0.06675256853480654,5.934226118456306,0.27703402245786546,0.08,0.0
26.750000000000245,5.457760799583767,4.242420837079274,0.12920266926591895,AVOID,0.06547161827768838,5.931443167090359,0.27629166597430654,0.08,0.0
26.800000000000246,5.461727459342983,4.242936211074172,0.12920266926591895,AVOID,0.06421441668893962,5.928661608143681,0.27556624472481417,0.08,0.0
26.850000000000247,5.465694119102199,4.243451585069069,0.12920266926591895,AVOID,0.06298153803840423,5.925881443577042,0.27485779914179187,0.08,0.0
26.900000000000247,5.4696607788614156,4.243966959063966,0.12920266926591895,AVOID,0.061773580886642865,5.92310267535391,0.2741663688357985,0.08,0.0
26.950000000000248,5.473627438620632,4.244482333058864,0.12920266926591895,AVOID,0.060591169553246726,5.92032530544045,0.2734919925849528,0.08,0.0
27.00000000000025,5.477594098379848,4.244997707053761,0.12920266926591895,AVOID,0.05943495570143237,5.917549335805529,0.27283470832450685,0.08,0.0
27.05000000000025,5.481560758139064,4.245513081048658,0.12920266926591895,AVOID,0.05830562005038559,5.9147747684207195,0.27219455313659313,0.08,0.0
27.10000000000025,5.485527417898281,4.246028455043556,0.12920266926591895,AVOID,0.05720387422817763,5.9120016052602935,0.2715715632401514,0.08,0.0
27.15000000000025,5.489494077657497,4.246543829038453,0.12920266926591895,AVOID,0.0561304627796303,5.909229848301232,0.27096577398104316,0.08,0.0
27.20000000000025,5.493460737416713,4.24705920303335,0.12920266926591895,AVOID,0.05508616534527577,5.906459499523222,0.27037721982235696,0.08,0.0
27.250000000000252,5.4974273971759295,4.247574577028248,0.12920266926591895,AVOID,0.05407179902959025,5.903690560908661,0.2698059343349132,0.08,0.0
27.300000000000253,5.501394056935146,4.248089951023145,0.12920266926591895,AVOID,0.05308822097899901,5.900923034442657,0.269251950187973,0.08,0.0
27.350000000000254,5.505360716694362,4.248605325018042,0.12920266926591895,AVOID,0.05213633119283756,5.89815692211303,0.2687152991401569,0.08,0.0
27.400000000000254,5.509327376453578,4.2491206990129395,0.12920266926591895,AVOID,0.0512170755935385,5.895392225910313,0.26819601203057986,0.08,0.0
27.450000000000255,5.513294036212795,4.249636073007837,0.12920266926591895,AVOID,0.0503314493858909,5.892628947827758,0.26769411877020677,0.08,0.0
27.500000000000256,5.517260695972011,4.250151447002734,0.12920266926591895,AVOID,0.049480500739375655,5.889867089861331,0.2672096483334362,0.08,0.0
27.550000000000257,5.521227355731227,4.2506668209976315,0.12920266926591895,AVOID,0.048665334832394325,5.887106654009718,0.2667426287499156,0.08,0.0
27.600000000000257,5.5251940154904435,4.251182194992529,0.12920266926591895,AVOID,0.047887118302869736,5.884347642274324,0.26629308709659405,0.08,0.0
27.650000000000258,5.52916067524966,4.251697568987426,0.12920266926591895,AVOID,0.04714708415628743,5.88159005665928,0.26586104949001865,0.08,0.0
27.70000000000026,5.533127335008876,4.252212942982323,0.12920266926591895,AVOID,0.04644653719002212,5.878833899171436,0.26544654107887744,0.08,0.0
27.75000000000026,5.537093994768092,4.252728316977221,0.12920266926591895,AVOID,0.045786860001954255,5.8760791718203675,0.26504958603679596,0.08,0.0
27.80000000000026,5.541060654527309,4.253243690972118,0.12920266926591895,AVOID,0.04516951966223154,5.873325876618379,0.26467020755539095,0.08,0.0
27.85000000000026,5.545027314286525,4.253759064967015,0.12920266926591895,AVOID,0.04459607513992547,5.870574015580501,0.2643084278375858,0.08,0.0
27.90000000000026,5.548993974045741,4.254274438961913,0.12920266926591895,AVOID,0.04406818559173481,5.867823590724492,0.26396426809119233,0.08,0.0
27.950000000000262,5.5529606338049575,4.25478981295681,0.12920266926591895,AVOID,0.04358761963833713,5.865074604070846,0.263637748522764,0.08,0.0
28.000000000000263,5.556927293564174,4.255305186951707,0.12920266926591895,AVOID,0.04315626577621523,5.8623270576427835,0.2633288883317231,0.08,0.0
28.050000000000264,5.56089395332339,4.255820560946605,0.12920266926591895,AVOID,0.04277614409968372,5.8595809534662635,0.2630377057047669,0.08,0.0
28.100000000000264,5.564860613082606,4.256335934941502,0.12920266926591895,AVOID,0.04244941954052403,5.8568362935699785,0.26276421781055637,0.08,0.0
28.150000000000265,5.568827272841823,4.256851308936399,0.12920266926591895,AVOID,0.04217841687262597,5.854093079985356,0.2625084407946914,0.08,0.0
28.200000000000266,5.572793932601039,4.257366682931297,0.12920266926591895,AVOID,0.04196563777814391,5.851351314746564,0.26227038977497463,0.08,0.0
28.250000000000266,5.576760592360255,4.257882056926194,0.12920266926591895,AVOID,0.04181378033244618,5.848610999890509,0.26205007883696874,0.08,0.0
28.300000000000267,5.5807272521194715,4.258397430921091,0.12920266926591895,AVOID,0.041725761340699136,5.845872137456837,0.26184752102984954,0.08,0.0
28.350000000000268,5.584693911878688,4.258912804915989,0.12920266926591895,AVOID,0.0417047420535932,5.843134729487938,0.26166272836255655,0.08,0.0
28.40000000000027,5.588660571637904,4.259428178910886,0.12920266926591895,AVOID,0.04175415790909276,5.840398778028945,0.26149571180024656,0.08,0.0
28.45000000000027,5.59262723139712,4.259943552905783,0.12920266926591895,AVOID,0.04187775309877362,5.837664285127734,0.2613464812610494,0.08,0.0
28.50000000000027,5.596593891156337,4.2604589269006805,0.12920266926591895,AVOID,0.04207962095158646,5.834931252834931,0.26121504561313,0.08,0.0
28.55000000000027,5.600560550915553,4.260974300895578,0.12920266926591895,AVOID,0.042364251378830264,5.832199683203905,0.2611014126720589,0.08,0.0
28.60000000000027,5.604527210674769,4.261489674890475,0.12920266926591895,AVOID,0.042736586951220734,5.829469578290776,0.2610055891984916,0.08,0.0
28.650000000000272,5.6084938704339855,4.2620050488853725,0.12920266926591895,AVOID,0.04320208960955885,5.826740940154415,0.2609275808961604,0.08,0.0
28.700000000000273,5.612460530193202,4.26252042288027,0.12920266926591895,AVOID,0.04376682058331527,5.824013770856441,0.2608673924101774,0.08,0.0
28.750000000000274,5.616427189952418,4.263035796875167,0.12920266926591895,AVOID,0.04443753686227492,5.821288072461229,0.26082502732565327,0.08,0.0
28.800000000000274,5.620393849711634,4.263551170870064,0.12920266926591895,AVOID,0.04522180861641395,5.8185638470359065,0.26080048816662893,0.08,0.0
28.850000000000275,5.624360509470851,4.264066544864962,0.12920266926591895,AVOID,0.0461281634090788,5.815841096650354,0.26079377639532464,0.08,0.0
28.900000000000276,5.628327169230067,4.264581918859859,0.12920266926591895,AVOID,0.047166265080005654,5.813119823377212,0.2608048924117041,0.08,0.0
28.950000000000276,5.632293828989283,4.265097292854756,0.12920266926591895,AVOID,0.048347138067359685,5.810400029291875,0.26083383555335515,0.08,0.0
29.000000000000277,5.6362604887484995,4.265612666849654,0.12920266926591895,AVOID,0.049683452130437206,5.807681716472497,0.26088060409568725,0.08,0.0
29.050000000000278,5.640227148507716,4.266128040844551,0.12920266926591895,AVOID,0.05118988863154464,5.8049648869999935,0.2609451952524453,0.08,0.0
29.10000000000028,5.644193808266932,4.266643414839448,0.12920266926591895,AVOID,0.052883618897641455,5.802249542958037,0.26102760517653933,0.08,0.0
29.15000000000028,5.648160468026148,4.267158788834346,0.12920266926591895,AVOID,0.05478493967709053,5.799535686433067,0.2611278289611896,0.08,0.0
29.20000000000028,5.652127127785365,4.267674162829243,0.12920266926591895,AVOID,0.05691813377798041,5.7968233195142815,0.26124586064138655,0.08,0.0
29.25000000000028,5.656093787544581,4.26818953682414,0.12920266926591895,AVOID,0.05931266187144876,5.7941124442936465,0.26138169319566407,0.08,0.0
29.30000000000028,5.660060447303797,4.268704910819038,0.12920266926591895,AVOID,0.06200485598941605,5.791403062865889,0.2615353185481857,0.08,0.0
29.350000000000282,5.6640271070630135,4.269220284813935,0.12920266926591895,AVOID,0.06504039990839308,5.788695177328507,0.26170672757114144,0.08,0.0
29.400000000000283,5.66799376682223,4.269735658808832,0.12920266926591895,AVOID,0.0684780956661747,5.785988789781762,0.2618959100874536,0.08,0.0
29.450000000000284,5.671960426581446,4.2702510328037295,0.12920266926591895,AVOID,0.07239583954695564,5.783283902328688,0.2621028548737907,0.08,0.0
29.500000000000284,5.675927086340662,4.270766406798627,0.12920266926591895,AVOID,0.07690063446774398,5.780580517075085,0.2623275496638864,0.08,0.0
29.550000000000285,5.679893746099879,4.271281780793524,0.12920266926591895,AVOID,0.0821465751298432,5.777878636129524,0.262569981152161,0.08,0.0
29.600000000000286,5.683860405859095,4.2717971547884215,0.12920266926591895,AVOID,0.0883702885379981,5.775178261603348,0.2628301349976452,0.08,0.0
29.650000000000286,5.687827065618311,4.272312528783319,0.12920266926591895,AVOID,0.09597047677013992,5.7724793956106755,0.26310799582819944,0.08,0.0
29.700000000000287,5.6917937253775275,4.272827902778216,0.12920266926591895,AVOID,0.10572592936448695,5.769782040268392,0.26340354724503,0.08,0.0
29.750000000000288,5.695760385136744,4.273343276773113,0.12920266926591895,AVOID,0.11965576886211507,5.767086197696165,0.26371677182749664,0.08,0.0
29.80000000000029,5.69972704489596,4.273858650768011,0.12920266926591895,RUN,2.0,5.76439187001643,0.2640476511382086,0.64,2.0
29.85000000000029,5.731201482747121,4.279560116633359,0.22920266926591903,AVOID,0.08015136265666342,5.741741585866878,0.2657342133680981,0.08,0.0
29.90000000000029,5.73509687418302,4.280468921101396,0.22920266926591903,AVOID,0.0831593672566848,5.738777398162374,0.26582490400523906,0.08,0.0
29.95000000000029,5.7389922656189185,4.281377725569433,0.22920266926591903,AVOID,0.08656455423755023,5.735814468098278,0.2659333120722517,0.08,0.0
30.00000000000029,5.742887657054817,4.28228653003747,0.22920266926591903,AVOID,0.09044311036371455,5.7328527976245605,0.2660594311861679,0.08,0.0
30.050000000000292,5.746783048490716,4.283195334505507,0.22920266926591903,AVOID,0.09489937255553131,5.729892388694396,0.26620325392506683,0.08,0.0
30.100000000000293,5.750678439926615,4.284104138973544,0.22920266926591903,AVOID,0.10008299260277505,5.726933243264164,0.26636477183025575,0.08,0.0
30.150000000000293,5.754573831362514,4.285012943441581,0.22920266926591903,AVOID,0.1062224919924483,5.723975363293453,0.2665439754087534,0.08,0.0
30.200000000000294,5.7584692227984124,4.285921747909618,0.22920266926591903,AVOID,0.11369970578719478,5.721018750745066,0.2667408541360726,0.08,0.0
30.250000000000295,5.762364614234311,4.286830552377655,0.22920266926591903,AVOID,0.12325003523760131,5.718063407585024,0.2669553964593031,0.08,0.0
30.300000000000296,5.76626000567021,4.287739356845692,0.22920266926591903,AVOID,0.13672293515506653,5.71510933578257,0.2671875898004893,0.08,0.0
30.350000000000296,5.770155397106109,4.288648161313729,0.22920266926591903,AVOID,0.16620242950171638,5.71215653731017,0.2674374205603033,0.08,0.0
30.400000000000297,5.774050788542008,4.289556965781766,0.22920266926591903,RUN,2.0,5.709205014143522,0.26770487412200883,0.64,2.0
30.450000000000298,5.804798788486464,4.298372148733699,0.3292026692659191,AVOID,0.0916185679864667,5.684594553163889,0.26888131727130826,0.08,0.0
30.5000000000003,5.808583990135464,4.299665303201041,0.3292026692659191,AVOID,0.09444875080713466,5.681397927442843,0.2689079250414145,0.08,0.0
30.5500000000003,5.812369191784464,4.300958457668384,0.3292026692659191,AVOID,0.09764510211799526,5.678202319928652,0.26895219947998406,0.08,0.0
30.6000000000003,5.8161543934334645,4.302251612135726,0.3292026692659191,AVOID,0.10127353929670019,5.675007732341377,0.26901413799612717,0.08,0.0
30.6500000000003,5.819939595082465,4.303544766603069,0.3292026692659191,AVOID,0.10542262989385816,5.671814166404405,0.2690937369661226,0.08,0.0
30.7000000000003,5.823724796731465,4.304837921070411,0.3292026692659191,AVOID,0.11021627440899973,5.668621623844459,0.2691909917344767,0.08,0.0
30.750000000000302,5.8275099983804655,4.3061310755377535,0.3292026692659191,AVOID,0.1158373108003291,5.665430106391595,0.2693058966152846,0.08,0.0
30.800000000000303,5.831295200029466,4.307424230005096,0.3292026692659191,AVOID,0.12257635594361664,5.6622396157792165,0.2694384448938907,0.08,0.0
30.850000000000303,5.835080401678466,4.3087173844724385,0.3292026692659191,AVOID,0.13094965613374743,5.659050153744077,0.26958862882884804,0.08,0.0
30.900000000000304,5.838865603327466,4.310010538939781,0.3292026692659191,AVOID,0.14206407770266014,5.655861722026287,0.26975643965417595,0.08,0.0
30.950000000000305,5.842650804976467,4.311303693407123,0.3292026692659191,AVOID,0.15952897760663934,5.652674322369319,0.26994186758191285,0.08,0.0
31.000000000000306,5.846436006625467,4.312596847874466,0.3292026692659191,RUN,2.0,5.649487956520018,0.2701449018049643,0.64,2.0
31.050000000000306,5.876150344811712,4.324437669518837,0.4292026692659192,AVOID,0.09423395021365433,5.623105883267221,0.27080422242205227,0.08,0.0
31.100000000000307,5.879787536190157,4.326102253213508,0.4292026692659192,AVOID,0.09649101735268883,5.619701590541098,0.2707659905638288,0.08,0.0
31.150000000000308,5.883424727568602,4.327766836908178,0.4292026692659192,AVOID,0.09902621488350555,5.6162980831706095,0.27074538963102956,0.08,0.0
31.20000000000031,5.887061918947047,4.329431420602848,0.4292026692659192,AVOID,0.1018800783960763,5.61289536258441,0.27074242082446753,0.08,0.0
31.25000000000031,5.8906991103254915,4.331096004297518,0.4292026692659192,AVOID,0.10510413470402624,5.6094934302142905,0.270757084317201,0.08,0.0
31.30000000000031,5.8943363017039365,4.332760587992189,0.4292026692659192,AVOID,0.10876559480954405,5.606092287495185,0.2707893792544839,0.08,0.0
31.35000000000031,5.8979734930823815,4.334425171686859,0.4292026692659192,AVOID,0.11295498913552493,5.60269193586518,0.2708393037540143,0.08,0.0
31.40000000000031,5.9016106844608265,4.336089755381529,0.4292026692659192,AVOID,0.11779937347943474,5.599292376765517,0.2709068549064837,0.08,0.0
31.450000000000312,5.9052478758392715,4.3377543390761995,0.4292026692659192,AVOID,0.12348706285459027,5.595893611640606,0.2709920287764236,0.08,0.0
31.500000000000313,5.9088850672177164,4.33941892277087,0.4292026692659192,AVOID,0.13031926297972937,5.59249564193803,0.27109482040335187,0.08,0.0
31.550000000000313,5.912522258596161,4.34108350646554,0.4292026692659192,AVOID,0.13883633146178354,5.589098469108554,0.27121522380321617,0.08,0.0
31.600000000000314,5.916159449974606,4.34274809016021,0.4292026692659192,AVOID,0.15021817588684178,5.585702094606129,0.27135323197013395,0.08,0.0
31.650000000000315,5.919796641353051,4.3444126738548805,0.4292026692659192,AVOID,0.16852003977768357,5.582306519887904,0.2715088368784284,0.08,0.0
31.700000000000315,5.923433832731496,4.346077257549551,0.4292026692659192,RUN,2.0,5.578911746414234,0.2716820294849579,0.64,2.0
31.750000000000316,5.951817613314626,4.360825408310547,0.5292026692659193,AVOID,0.09759900143914346,5.550977999837141,0.2721015454612271,0.08,0.0
31.800000000000317,5.955270452808559,4.362844789262507,0.5292026692659193,AVOID,0.09970493218125837,5.547394565380263,0.2720332141323868,0.08,0.0
31.850000000000318,5.958723292302492,4.364864170214466,0.5292026692659193,AVOID,0.10206860069988541,5.543811700747511,0.2719824861948479,0.08,0.0
31.90000000000032,5.962176131796426,4.366883551166426,0.5292026692659193,AVOID,0.10472546591529774,5.540229407044401,0.2719493645969636,0.08,0.0
31.95000000000032,5.965628971290359,4.368902932118385,0.5292026692659193,AVOID,0.10772000931445921,5.5366476853791315,0.2719338512641467,0.08,0.0
32.00000000000032,5.969081810784292,4.370922313070345,0.5292026692659193,AVOID,0.11110932246597492,5.533066536862595,0.2719359470983088,0.08,0.0
32.05000000000032,5.9725346502782255,4.3729416940223045,0.5292026692659193,AVOID,0.11496876855099712,5.529485962608384,0.2719556519775991,0.08,0.0
32.100000000000314,5.975987489772159,4.374961074974264,0.5292026692659193,AVOID,0.11940140422086638,5.525905963732798,0.2719929647564392,0.08,0.0
32.15000000000031,5.979440329266092,4.3769804559262235,0.5292026692659193,AVOID,0.12455475674671262,5.522326541354852,0.2720478832658568,0.08,0.0
32.20000000000031,5.982893168760025,4.378999836878183,0.5292026692659193,AVOID,0.13065349470767434,5.518747696596283,0.2721204043141152,0.08,0.0
32.250000000000306,5.986346008253959,4.381019217830143,0.5292026692659193,AVOID,0.13807150723973483,5.515169430581559,0.272210523687641,0.08,0.0
32.3000000000003,5.989798847747892,4.383038598782102,0.5292026692659193,AVOID,0.14752406859529352,5.511591744437886,0.27231823615224715,0.08,0.0
32.3500000000003,5.993251687241825,4.385057979734062,0.5292026692659193,AVOID,0.16078464551890845,5.508014639295214,0.2724435354546525,0.08,0.0
32.4000000000003,5.996704526735758,4.387077360686021,0.5292026692659193,AVOID,0.18825292258320694,5.504438116286251,0.2725864143242942,0.08,0.0
32.450000000000294,6.000157366229692,4.389096741637981,0.5292026692659193,RUN,2.0,5.500862176546461,0.27274686447543484,0.64,2.0
32.50000000000029,6.026926987856551,4.406604862868289,0.6292026692659194,AVOID,0.10128153070106491,5.471603240491856,0.27306370540347147,0.08,0.0
32.55000000000029,6.030160975835105,4.408958864090584,0.6292026692659194,AVOID,0.10341221081355872,5.4678700186695295,0.2729824520844121,0.08,0.0
32.600000000000286,6.033394963813659,4.41131286531288,0.6292026692659194,AVOID,0.10580389180444796,5.464137174409997,0.2729187819111001,0.08,0.0
32.65000000000028,6.0366289517922125,4.413666866535175,0.6292026692659194,AVOID,0.10849282443057656,5.460404708487586,0.27287269857609486,0.08,0.0
32.70000000000028,6.039862939770766,4.416020867757471,0.6292026692659194,AVOID,0.1115245803838392,5.456672621678667,0.27284420475265025,0.08,0.0
32.75000000000028,6.04309692774932,4.418374868979766,0.6292026692659194,AVOID,0.1149578019516096,5.452940914761656,0.27283330209393875,0.08,0.0
32.800000000000274,6.046330915727874,4.420728870202062,0.6292026692659194,AVOID,0.11887014830153256,5.449209588517019,0.27283999123257263,0.08,0.0
32.85000000000027,6.049564903706428,4.4230828714243575,0.6292026692659194,AVOID,0.12336825188175243,5.445478643727286,0.27286427178041983,0.08,0.0
32.90000000000027,6.052798891684982,4.425436872646653,0.6292026692659194,AVOID,0.12860558848240022,5.44174808117705,0.27290614232871724,0.08,0.0
32.950000000000266,6.056032879663536,4.427790873868949,0.6292026692659194,AVOID,0.13481765209297186,5.438017901652977,0.2729656004484786,0.08,0.0
33.00000000000026,6.05926686764209,4.430144875091244,0.6292026692659194,AVOID,0.1424007747844541,5.434288105943812,0.2730426426911994,0.08,0.0
33.05000000000026,6.062500855620644,4.43249887631354,0.6292026692659194,AVOID,0.1521275948394301,5.430558694840387,0.2731372645898563,0.08,0.0
33.10000000000026,6.065734843599198,4.434852877535835,0.6292026692659194,AVOID,0.16599268310234652,5.426829669135624,0.2732494606602017,0.08,0.0
33.150000000000254,6.0689688315777515,4.437206878758131,0.6292026692659194,RUN,2.0,5.423101029624545,0.2733792244023515,0.64,1.6676834768907285
33.20000000000025,6.094026073972997,4.45709510203624,0.7125868431104561,AVOID,0.11093366399650836,5.392835003102905,0.2737159423275606,0.08,0.0
33.25000000000025,6.097052766568141,4.4597102754405284,0.7125868431104561,AVOID,0.11388220174885427,5.38900115262838,0.27367034982912064,0.08,0.0
33.300000000000246,6.100079459163285,4.462325448844817,0.7125868431104561,AVOID,0.11721734467860521,5.385167543853032,0.2736423314696863,0.08,0.0
33.35000000000024,6.103106151758429,4.464940622249106,0.7125868431104561,AVOID,0.12101169978981327,5.381334177293414,0.27363188887199885,0.08,0.0
33.40000000000024,6.106132844353573,4.467555795653395,0.7125868431104561,AVOID,0.12536405880976267,5.377501053467519,0.2736390226409142,0.08,0.0
33.45000000000024,6.1091595369487175,4.470170969057683,0.7125868431104561,AVOID,0.13041491439333047,5.373668172894783,0.2736637323632274,0.08,0.0
33.500000000000234,6.112186229543862,4.472786142461972,0.7125868431104561,AVOID,0.13637628439916039,5.3698355360960965,0.27370601660779226,0.08,0.0
33.55000000000023,6.115212922139006,4.475401315866261,0.7125868431104561,AVOID,0.14359629397298532,5.366003143593799,0.27376587292593646,0.08,0.0
33.60000000000023,6.11823961473415,4.47801648927055,0.7125868431104561,AVOID,0.15272632620271243,5.362170995911696,0.2738432978521693,0.08,0.0
33.650000000000226,6.121266307329294,4.480631662674838,0.7125868431104561,AVOID,0.16530953049015826,5.358339093575053,0.2739382869051854,0.08,0.0
33.70000000000022,6.124292999924438,4.483246836079127,0.7125868431104561,AVOID,0.18843564519432543,5.354507437110607,0.27405083458916046,0.08,0.0
33.75000000000022,6.127319692519582,4.485862009483416,0.7125868431104561,RUN,2.0,5.350676027046572,0.27418093439533997,0.64,1.3116278091135514
33.80000000000022,6.150830099278523,4.507562097384296,0.7781682335661335,AVOID,0.13574154283939527,5.3197525724450205,0.2748045245013896,0.08,0.0
33.850000000000215,6.153678901631474,4.510370001434264,0.7781682335661335,AVOID,0.1418643807318984,5.315855652577408,0.2748303109608633,0.08,0.0
33.90000000000021,6.156527703984424,4.513177905484232,0.7781682335661335,AVOID,0.14931737053909938,5.311958885951863,0.27487364937076686,0.08,0.0
33.95000000000021,6.159376506337375,4.5159858095342,0.7781682335661335,AVOID,0.1588276192856078,5.308062272905879,0.2749345372278176,0.08,0.0
34.000000000000206,6.162225308690325,4.518793713584168,0.7781682335661335,AVOID,0.1722130628594673,5.30416581377793,0.2750129710158584,0.08,0.0
34.0500000000002,6.165074111043276,4.521601617634136,0.7781682335661335,AVOID,0.2007978179266756,5.300269508907473,0.27510894620687254,0.08,0.0
34.1000000000002,6.167922913396226,4.524409521684104,0.7781682335661335,AVOID,2.0,5.296373358634947,0.27522245726228933,0.32,0.6544984694978735
34.1500000000002,6.179132328532782,4.535825570335253,0.8108931570410274,AVOID,0.16351007836183043,5.280733638274274,0.2755901035779703,0.08,0.0
34.200000000000195,6.181887733556109,4.538725181198356,0.8108931570410274,AVOID,0.1780422043792987,5.27681056654066,0.27566041233564453,0.08,0.0
34.25000000000019,6.184643138579435,4.54162479206146,0.8108931570410274,RUN,2.0,5.27288761039991,0.27574825152994853,0.64,0.8849723177896615
34.30000000000019,6.206166054908884,4.565301721888447,0.8551417729305104,AVOID,0.17506733248377143,5.241379296581098,0.2763740017822234,0.08,0.0
34.350000000000186,6.208790501010541,4.568320377658735,0.8551417729305104,AVOID,0.19749273797505268,5.237426347198001,0.27644258287715284,0.08,0.0
34.40000000000018,6.211414947112198,4.571339033429024,0.8551417729305104,AVOID,2.0,5.2334734693144895,0.27652867968962747,0.32,0.6544984694978735
34.45000000000018,6.221713304976605,4.58358325573204,0.8878666964054043,AVOID,0.16425848664014325,5.2176253045609196,0.27678643868911224,0.08,0.0
34.50000000000018,6.224237578268793,4.586686164745586,0.8878666964054043,AVOID,0.17659363653917184,5.213654767084518,0.2768292190429755,0.08,0.0
34.550000000000175,6.2267618515609815,4.589789073759133,0.8878666964054043,AVOID,0.19852597931688123,5.2096842746841965,0.27688951134116757,0.08,0.0
34.60000000000017,6.22928612485317,4.592891982772679,0.8878666964054043,AVOID,2.0,5.205713827463097,0.2769673121167959,0.32,0.0
34.65000000000017,6.2393832180219215,4.605303618826864,0.8878666964054043,RUN,2.0,5.189832492444748,0.2774534954954585,0.64,0.5492427853864792
34.700000000000166,6.259234037493071,4.630401041247882,0.9153288356747282,RUN,2.0,5.158022210262779,0.27882549414531776,0.64,0.1845733759166048
34.75000000000016,6.278621660521141,4.655859100986298,0.9245575044705587,RUN,2.0,5.126154525281918,0.2807267430481408,0.64,0.19917018244031287
34.80000000000016,6.297764149783481,4.681501968263575,0.9345160135925745,RUN,2.0,5.094261854312828,0.28343202128426104,0.64,0.1739886217850931
34.85000000000016,6.316666606499318,4.7073223220970695,0.9432154446818295,RUN,2.0,5.06234725666286,0.28694242043812046,0.64,0.15580300512710918
34.900000000000155,6.335355551431727,4.73329765960686,0.9510055949381853,RUN,2.0,5.030415380344054,0.29128279090177045,0.64,0.13908648367582413
34.95000000000015,6.353852503378148,4.759410082737517,0.9579599191219765,RUN,2.0,4.998469707847225,0.2964687334548276,0.64,0.12421737922541742
35.00000000000015,6.37217717575175,4.785643707928867,0.9641707880832477,RUN,2.0,4.966513037550551,0.302510694815574,0.64,0.11093676342349928
35.050000000000146,6.390347314625801,4.811984615806431,0.9697176262544227,RUN,2.0,4.934547597958983,0.30941392395203005,0.64,0.09908062909227905
35.10000000000014,6.408378907144359,4.8384205681622525,0.9746716577090364,RUN,2.0,4.902575165811255,0.31717891363157913,0.64,0.0884951150789959
35.15000000000014,6.426286336974483,4.864940792259811,0.9790964134629867,RUN,2.0,4.8705971575117095,0.3258018062042881,0.64,0.07904378160266588
35.20000000000014,6.444082533760159,4.891535792674866,0.9830486025431195,RUN,2.0,4.838614702278083,0.3352748171142812,0.64,0.0706047884184007
35.250000000000135,6.461779110967658,4.918197189706251,0.9865788419640396,RUN,2.0,4.806628700413844,0.34558666394775983,0.64,0.0630694244061099
35.30000000000013,6.479386492839367,4.944917579954841,0.9897323131843452,RUN,2.0,4.774639869753522,0.3567229954281602,0.64,0.05634067884775416
35.35000000000013,6.496914030726488,4.971690415785915,0.992549347126733,RUN,2.0,4.742648782678828,0.3686668138514768,0.64,0.05033198048513144
35.40000000000013,6.514370109296731,4.998509900876248,0.9950659461509899,RUN,2.0,4.710655895620371,0.38139888485806206,0.64,0.04496607146323141
35.450000000000124,6.5317622431957805,5.025370899500437,0.9973142497241518,RUN,2.0,4.67866157257093,0.3948981290694671,0.64,0.04017400317203138
35.50000000000012,6.549097164791348,5.05226885758216,0.9993229498827532,RUN,1.9789283374716984,4.646666103826428,0.40914199099070303,0.64,0.03589424058428978
35.55000000000012,6.5663809036473335,5.079199733845293,1.0011176619119677,RUN,1.948455565985895,4.6146697209238265,0.4241067815800874,0.64,0.03207186335320571
35.600000000000115,6.58361885837334,5.106159939657353,1.0027212550796278,RUN,1.917824999926379,4.582672608548225,0.43976799193554794,0.64,0.028657853187964814
35.65000000000011,6.600815861477789,5.1331462863723285,1.0041541477390261,RUN,1.887049629551261,4.550674914024587,0.4561005765660091,0.64,0.025608458167304053
35.70000000000011,6.6179762378262215,5.16015593915939,1.0054345706473917,RUN,1.8561421595917178,4.51867675488449,0.47307920565541517,0.64,0.022884625665385426
35.75000000000011,6.635103857273798,5.187186376453951,1.0065788019306607,RUN,1.8251147817416533,4.486678224898641,0.490678486548636,0.64,0.02045149646815129
35.800000000000104,6.652202182004729,5.214235354293532,1.0076013767540681,RUN,1.7939790265292974,4.454679398886566,0.5088731553719541,0.64,0.018277953463042448
35.8500000000001,6.669274309073952,5.241300874906692,1.0085152744272206,RUN,1.7627456750656516,4.4226803365515694,0.5276382402399005,0.64,0.01633621900280445
35.9000000000001,6.6863230086083725,5.268381159012527,1.0093320853773609,RUN,1.7314247153300621,4.390681085538746,0.5469491978975454,0.64,0.014601495682844553
35.950000000000095,6.703350758088103,5.295474621363663,1.0100621601615032,RUN,1.7000253310011186,4.3586816838735984,0.5667820259149523,0.64,0.013051645841811331
36.00000000000009,6.720359773092461,5.322579849129561,1.0107147424535938,RUN,1.668555913524707,4.32668216190686,0.5871133527036387,0.64,0.011666905602712848
36.05000000000009,6.737352034861601,5.349695582771311,1.0112980877337296,RUN,1.6370240902533495,4.294682543865637,0.6079205076819594,0.64,0.010429629724558988
36.10000000000009,6.754329314993015,5.376820699105323,1.0118195692199574,RUN,1.6017967160377085,4.262682849090626,0.6291815738963427,0.64,0.009324063938394182
36.150000000000084,6.771293197562386,5.403954196292872,1.0122857724168774,RUN,1.5667475361366017,4.23068309302308,0.6508754253256863,0.64,0.008336141800979878
36.20000000000008,6.788245098931029,5.431095180526377,1.0127025795069269,RUN,1.5319023092054955,4.198683287992162,0.6729817509739209,0.64,0.007453303420742597
36.25000000000008,6.805186285476765,5.458242854212571,1.0130752446779638,RUN,1.497247769185298,4.166683443843028,0.6954810677042647,0.64,0.0066643336959134655
36.300000000000075,6.822117889462035,5.485396505477375,1.0134084613627596,RUN,1.462772488752963,4.134683568438091,0.7183547236002488,0.64,0.0059592179607238826
36.35000000000007,6.839040923231991,5.512555498839518,1.013706422260796,RUN,1.4284665981072349,4.102683668056865,0.7415848934627332,0.64,0.005329013162169612
36.40000000000007,6.855956291915859,5.539719266918169,1.0139728729189041,RUN,1.3943215506349604,4.070683747715183,0.7651545678754936,0.64,0.00476573289316116
36.45000000000007,6.872864804787625,5.566887303056603,1.014211159563562,RUN,1.3603299269529958,4.038683811419898,0.7890475371011609,0.64,0.00426224478843167
36.500000000000064,6.889767185426166,5.594059154757829,1.0144242718029837,RUN,1.326485270523527,4.006683862372118,0.8132483709070011,0.64,0.0038121789511036674
36.55000000000006,6.906664080800709,5.621234417840313,1.014614880750539,RUN,1.292781949365723,3.974683903129509,0.8377423952693339,0.64,0.0034098462216325186
36.60000000000006,6.923556069394124,5.648412731233165,1.0147853730616205,RUN,1.2592150394260282,3.9426839357358983,0.8625156667673175,0.64,0.003050165228444167
36.650000000000055,6.940443668465974,5.675593772339141,1.0149378813230427,RUN,1.225780225991271,3.910683961824606,0.8875549453533804,0.64,0.0027285972756574267
36.70000000000005,6.957327340545305,5.702777252902351,1.015074311186826,RUN,1.1924737201837599,3.8786839827010766,0.9128476660754321,0.64,0.0024410882229369403
36.75000000000005,6.974207499235149,5.729962915324563,1.0151963655979728,RUN,1.1592921881016442,3.8466839994088073,0.9383819102294844,0.64,0.0021840166061804452
36.80000000000005,6.99108451440074,5.757150529380965,1.0153055664282817,RUN,1.1262326905911952,3.814684012782011,0.9641463763345703,0.64,0.001954147325895249
36.850000000000044,7.007958716807536,5.784339889290976,1.0154032737945764,RUN,1.0932926319806615,3.782684023487588,0.9901303512490804,0.64,0.0017485903061859732
36.90000000000004,7.0248304022668435,5.811530811105257,1.0154907033098857,RUN,1.0604697163853771,3.750684032058747,1.0163236816826953,0.64,0.0015647635883860693
36.95000000000004,7.041699835340637,5.838723130374603,1.0155689414893052,RUN,1.0277619104229556,3.718684038922026,1.0427167463037823,0.64,0.0014003603820799788
37.000000000000036,7.058567252654029,5.865916700069619,1.0156389595084097,RUN,0.9951674113652479,3.686684044418484,1.0693004285979135,0.64,0.0012533196505744816
37.05000000000003,7.075432865855078,5.893111388724037,1.0157016254909381,RUN,0.9626846199113289,3.654684048821058,1.09606609059113,0.64,0.0011217998474754248
37.10000000000003,7.092296864261186,5.920307078777682,1.0157577154833124,RUN,0.9303121168927152,3.622684052347728,1.1230055475229055,0.64,0.00100415546903541
37.15000000000003,7.109159417223282,5.947503665096235,1.015807923256764,RUN,0.8980486433333084,3.5906840551733756,1.143431355869317,0.64,0.000898916117128079
37.200000000000024,7.126020676240387,5.974701053650733,1.0158528690626207,RUN,0.8658930833706687,3.5586840574375973,1.1120529564162238,0.64,0.0008047678056365267
37.25000000000002,7.142880776848642,6.001899160337359,1.0158931074529027,RUN,0.8338444496274069,3.5266840592522795,1.0807010056940765,0.64,0.0007205362673261635
37.30000000000002,7.159739840310294,6.0290979099241895,1.015929134266269,RUN,0.8019018706786492,3.494684060706776,1.0493771620739711,0.64,0.0006451720476517362
37.350000000000016,7.1765979751234,6.056297235109582,1.0159613928686522,RUN,0.7700645803189966,3.4626840618727512,1.0180832295372164,0.64,0.0005777371940365525
37.40000000000001,7.1934552783710615,6.083497075681635,1.0159902797283538,RUN,0.7383319083745064,3.4306840628077304,0.9868211731233385,0.64,0.0005173933678847499
37.45000000000001,7.2103118369279855,6.110697377767224,1.016016149396748,RUN,0.7067032728443062,3.398684063557729,0.9555931364383641,0.64,0.0004633912287401786
37.50000000000001,7.227167728539143,6.137898093161084,1.0160393189581853,AVOID,0.6751781731887224,3.366684064159276,0.924401461537224,0.32,1.5271630954950384
37.550000000000004,7.235068328785179,6.151806944820297,1.0923974737329374,AVOID,0.6603333145349634,3.3506995513819247,0.9089748479465249,0.32,0.6544984694978735
37.6,7.242200360911656,6.166128651152154,1.1251223972078312,AVOID,0.6481060057714968,3.334769316309574,0.8938166329923412,0.32,0.6544984694978735
37.65,7.248859981363192,6.180676043012915,1.1578473206827251,AVOID,0.6376638105648478,3.3188972474773357,0.8788571297921508,0.32,0.6544984694978735
37.699999999999996,7.255040058851403,6.195433542691003,1.190572244157619,AVOID,0.6290211585498678,3.3031013017581,0.8641195540934719,0.32,0.6544984694978735
37.74999999999999,7.26073397559452,6.2103853474861275,1.2232971676325128,AVOID,0.6222339269859776,3.2873996126378273,0.8496276590461254,0.32,0.6544984694978735
37.79999999999999,7.265935634403877,6.225515446631213,1.2560220911074067,AVOID,0.6174062428509216,3.271810471422861,0.835405705120408,0.32,0.6544984694978735
37.84999999999999,7.270639465212935,6.240807638437125,1.2887470145823006,AVOID,0.6147024325290859,3.2563523070125444,0.8214784222734026,0.32,0.6544984694978735
37.899999999999984,7.274840431041843,6.256245547641852,1.3214719380571944,AVOID,0.6143669804940475,3.2410436641926093,0.8078709635760986,0.32,0.6544984694978735
37.94999999999998,7.278534033391172,6.271812642945539,1.3541968615320883,AVOID,0.6167580768950927,3.225903180410762,0.7946088495337043,0.32,0.0
37.99999999999998,7.281972590103772,6.287438785391269,1.3541968615320883,AVOID,0.6046271776189228,3.210857599482471,0.7815631869379929,0.32,0.0
38.049999999999976,7.285411146816371,6.303064927836999,1.3541968615320883,AVOID,0.5925503978309459,3.195821290204507,0.7685894479255735,0.32,0.0
38.09999999999997,7.288849703528971,6.318691070282729,1.3541968615320883,AVOID,0.5805287972259636,3.180794384064218,0.7556900043942378,0.32,0.0
38.14999999999997,7.292288260241571,6.334317212728459,1.3541968615320883,AVOID,0.568563481350857,3.1657770149624453,0.742867319189566,0.32,0.0
38.19999999999997,7.29572681695417,6.349943355174189,1.3541968615320883,AVOID,0.5566556043537335,3.1507693192670576,0.7301239495732006,0.32,0.0
38.249999999999964,7.29916537366677,6.365569497619919,1.3541968615320883,AVOID,0.5448063719519245,3.1357714358678415,0.7174625507749939,0.32,0.0
38.29999999999996,7.3026039303793695,6.381195640065649,1.3541968615320883,AVOID,0.5330170446405242,3.120783506232806,0.7048858796229138,0.32,0.0
38.34999999999996,7.306042487091969,6.396821782511379,1.3541968615320883,AVOID,0.5212889411657697,3.105805674465934,0.6923967982430905,0.32,0.0
38.399999999999956,7.309481043804569,6.412447924957109,1.3541968615320883,AVOID,0.5096234422905146,3.090838087366412,0.6799982778207279,0.32,0.0
38.44999999999995,7.312919600517168,6.428074067402839,1.3541968615320883,AVOID,0.4980219948824405,3.0758808944894023,0.6676934024107091,0.32,0.0
38.49999999999995,7.316358157229768,6.443700209848569,1.3541968615320883,AVOID,0.4864861163595193,3.0609342482083783,0.6554853727846199,0.32,0.0
38.54999999999995,7.319796713942368,6.459326352294299,1.3541968615320883,AVOID,0.4750173995317094,3.045998303779084,0.6433775102985715,0.32,0.0
38.599999999999945,7.323235270654967,6.474952494740029,1.3541968615320883,AVOID,0.4636175178829989,3.0310732194051537,0.6313732607635854,0.32,0.0
38.64999999999994,7.326673827367567,6.4905786371857594,1.3541968615320883,AVOID,0.4522882313438397,3.0161591563054473,0.6194761982974277,0.32,0.0
38.69999999999994,7.3301123840801665,6.5062047796314895,1.3541968615320883,AVOID,0.4410313926109041,3.0012562787831456,0.6076900291336105,0.32,0.0
38.749999999999936,7.333550940792766,6.5218309220772195,1.3541968615320883,AVOID,0.4298489540790745,2.986364754296655,0.5960185953597936,0.32,0.0
38.79999999999993,7.336989497505366,6.5374570645229495,1.3541968615320883,AVOID,0.4187429754598981,2.9714847535323794,0.584465878554046,0.32,0.0
38.84999999999993,7.340428054217965,6.5530832069686795,1.3541968615320883,AVOID,0.4077156321716302,2.9566164504794075,0.5730360032833118,0.32,0.0
38.89999999999993,7.343866610930565,6.5687093494144095,1.3541968615320883,AVOID,0.39676922459877273,2.9417600225061724,0.5617332404240127,0.08,0.0
38.949999999999925,7.344726250108715,6.572615885025842,1.3541968615320883,AVOID,0.39404555120405527,2.9380477921075476,0.5589279257009852,0.08,0.0
38.99999999999992,7.345585889286864,6.576522420637274,1.3541968615320883,AVOID,0.391327127244534,2.934336318045454,0.5561309015717658,0.08,0.0
39.04999999999992,7.346445528465014,6.580428956248706,1.3541968615320883,AVOID,0.3886139927470345,2.9306256031934668,0.5533422391776786,0.08,0.0
39.099999999999916,7.347305167643164,6.584335491860139,1.3541968615320883,AVOID,0.3859061883340644,2.9269156504391427,0.5505620102599769,0.08,0.0
39.14999999999991,7.3481648068213135,6.588242027471571,1.3541968615320883,AVOID,0.38320375523627076,2.9232064626841034,0.547790287162251,0.08,0.0
39.19999999999991,7.349024445999463,6.592148563083003,1.3541968615320883,AVOID,0.380506735305234,2.919498042844116,0.5450271428327438,0.08,0.0
39.24999999999991,7.349884085177613,6.5960550986944355,1.3541968615320883,AVOID,0.37781517102661527,2.915790393849178,0.5422726508265725,0.08,0.0
39.299999999999905,7.3507437243557625,6.599961634305868,1.3541968615320883,AVOID,0.3751291055336619,2.912083518643595,0.5395268853078526,0.08,0.0
39.3499999999999,7.351603363533912,6.6038681699173,1.3541968615320883,AVOID,0.3724485826210921,2.90837742018607,0.536789921051718,0.08,0.0
39.3999999999999,7.352463002712062,6.607774705528732,1.3541968615320883,AVOID,0.3697736467593622,2.904672101449783,0.5340618334462357,0.08,0.0
39.449999999999896,7.353322641890212,6.611681241140165,1.3541968615320883,AVOID,0.36710434310933815,2.900967565422478,0.53134269849421,0.08,0.0
39.49999999999989,7.354182281068361,6.615587776751597,1.3541968615320883,AVOID,0.364440717537379,2.8972638151065455,0.5286325928148706,0.08,0.0
39.54999999999989,7.355041920246511,6.619494312363029,1.3541968615320883,AVOID,0.36178281663085116,2.893560853519112,0.5259315936454423,0.08,0.0
39.59999999999989,7.355901559424661,6.6234008479744615,1.3541968615320883,AVOID,0.35913068771408446,2.889858683692123,0.5232397788425908,0.08,0.0
39.649999999999885,7.35676119860281,6.627307383585894,1.3541968615320883,AVOID,0.35648437886478973,2.886157308672431,0.5205572268837396,0.08,0.0
39.69999999999988,7.35762083778096,6.631213919197326,1.3541968615320883,AVOID,0.35384393893095006,2.8824567315218816,0.5178840168682549,0.08,0.0
39.74999999999988,7.35848047695911,6.635120454808758,1.3541968615320883,AVOID,0.3512094175482079,2.8787569553174035,0.5152202285184918,0.08,0.0
39.799999999999876,7.359340116137259,6.639026990420191,1.3541968615320883,AVOID,0.34858086515775877,2.875057983151095,0.5125659421806985,0.08,0.0
39.84999999999987,7.360199755315409,6.642933526031623,1.3541968615320883,AVOID,0.3459583330247771,2.8713598181303164,0.5099212388257733,0.08,0.0
39.89999999999987,7.361059394493559,6.646840061643055,1.3541968615320883,AVOID,0.34334187325739,2.8676624633777736,0.5072862000498685,0.08,0.0
39.94999999999987,7.361919033671708,6.6507465972544875,1.3541968615320883,AVOID,0.34073153882621665,2.863965922031615,0.5046609080748375,0.08,0.0
39.999999999999865,7.362778672849858,6.65465313286592,1.3541968615320883,AVOID,0.3381273835845013,2.8602701972455185,0.5020454457485188,0.08,0.0
40.04999999999986,7.363638312028008,6.658559668477352,1.3541968615320883,AVOID,0.3355294622888537,2.8565752921887837,0.49943989654485244,0.08,0.0
40.09999999999986,7.3644979512061575,6.662466204088784,1.3541968615320883,AVOID,0.3329378306206261,2.8528812100464247,0.49684434456382254,0.08,0.0
40.14999999999986,7.365357590384307,6.666372739700217,1.3541968615320883,AVOID,0.33035254520794793,2.8491879540192624,0.49425887453122175,0.08,0.0
40.199999999999854,7.366217229562457,6.670279275311649,1.3541968615320883,AVOID,0.3277736636484419,2.845495527324018,0.4916835717982315,0.08,0.0
40.24999999999985,7.3670768687406065,6.674185810923081,1.3541968615320883,AVOID,0.32520124453265126,2.8418039331934053,0.4891185223408119,0.08,0.0
40.29999999999985,7.367936507918756,6.6780923465345134,1.3541968615320883,AVOID,0.32263534746820277,2.8381131748762285,0.4865638127588964,0.08,0.0
40.349999999999845,7.368796147096906,6.681998882145946,1.3541968615320883,AVOID,0.3200760331047341,2.8344232556374753,0.48401953027538547,0.08,0.0
40.39999999999984,7.369655786275056,6.685905417757378,1.3541968615320883,AVOID,0.3175233631596167,2.830734178758412,0.48148576273493304,0.08,0.0
40.44999999999984,7.370515425453205,6.68981195336881,1.3541968615320883,AVOID,0.3149774004445042,2.827045947536683,0.47896259860251955,0.08,0.0
40.49999999999984,7.371375064631355,6.693718488980243,1.3541968615320883,AVOID,0.31243820889274043,2.8233585652864033,0.4764501269618069,0.08,0.0
40.549999999999834,7.372234703809505,6.697625024591675,1.3541968615320883,AVOID,0.30990585358765943,2.819672035338262,0.4739484375132671,0.08,0.0
40.59999999999983,7.373094342987654,6.701531560203107,1.3541968615320883,AVOID,0.3073804007918148,2.815986361039615,0.4714576205720814,0.08,0.0
40.64999999999983,7.373953982165804,6.705438095814539,1.3541968615320883,AVOID,0.30486191797717677,2.8123015457545897,0.4689777670658005,0.08,0.0
40.699999999999825,7.374813621343954,6.709344631425972,1.3541968615320883,AVOID,0.30235047385633224,2.808617592864178,0.4665089685317624,0.08,0.0
40.74999999999982,7.375673260522103,6.713251167037404,1.3541968615320883,AVOID,0.2998461384147357,2.804934505766345,0.4640513171142596,0.08,0.0
40.79999999999982,7.376532899700253,6.717157702648836,1.3541968615320883,AVOID,0.29734898294404744,2.801252287876122,0.4616049055614506,0.08,0.0
40.84999999999982,7.377392538878403,6.7210642382602686,1.3541968615320883,AVOID,0.29485908007661094,2.797570942625714,0.4591698272220085,0.08,0.0
40.899999999999814,7.378252178056552,6.724970773871701,1.3541968615320883,AVOID,0.292376503821111,2.7938904734645993,0.45674617604150025,0.08,0.0
40.94999999999981,7.379111817234702,6.728877309483133,1.3541968615320883,AVOID,0.2899013295994693,2.7902108838596344,0.4543340465584913,0.08,0.0
40.99999999999981,7.379971456412852,6.732783845094565,1.3541968615320883,AVOID,0.28743363428502305,2.7865321772951557,0.45193353390036695,0.08,0.0
41.049999999999805,7.3808310955910015,6.736690380705998,1.3541968615320883,AVOID,0.2849734962420486,2.7828543572730857,0.4495447337788657,0.08,0.0
41.0999999999998,7.381690734769151,6.74059691631743,1.3541968615320883,AVOID,0.282520995366684,2.779177427313038,0.44716774248531777,0.08,0.0
41.1499999999998,7.382550373947301,6.744503451928862,1.3541968615320883,AVOID,0.2800762131293134,2.775501390952423,0.4448026568855803,0.08,0.0
41.1999999999998,7.3834100131254505,6.7484099875402945,1.3541968615320883,AVOID,0.2776392326184764,2.771826251746554,0.4424495744146659,0.08,0.0
41.249999999999794,7.3842696523036,6.752316523151727,1.3541968615320883,AVOID,0.27521013858637317,2.7681520132687565,0.4401085930710549,0.08,0.0
41.29999999999979,7.38512929148175,6.756223058763159,1.3541968615320883,AVOID,0.27278901749603146,2.7644786791104736,0.4377798114106858,0.08,0.0
41.34999999999979,7.3859889306599,6.760129594374591,1.3541968615320883,AVOID,0.2703759575702181,2.7608062528813764,0.43546332854061864,0.08,0.0
41.399999999999785,7.386848569838049,6.764036129986024,1.3541968615320883,AVOID,0.26797104884216505,2.757134738209474,0.4331592441123616,0.08,0.0
41.44999999999978,7.387708209016199,6.767942665597456,1.3541968615320883,AVOID,0.26557438320820237,2.7534641387412226,0.4308676583148573,0.08,0.0
41.49999999999978,7.388567848194349,6.771849201208888,1.3541968615320883,AVOID,0.26318605448238097,2.7497944581416376,0.4285886718671206,0.08,0.0
41.54999999999978,7.389427487372498,6.7757557368203205,1.3541968615320883,AVOID,0.2608061584531791,2.746125700094404,0.4263223860105215,0.08,0.0
41.599999999999774,7.390287126550648,6.779662272431753,1.3541968615320883,AVOID,0.2584347929423907,2.7424578683019902,0.4240689025007074,0.08,0.0
41.64999999999977,7.391146765728798,6.783568808043185,1.3541968615320883,AVOID,0.25607205786630244,2.7387909664857624,0.42182832359915645,0.08,0.0
41.69999999999977,7.392006404906947,6.787475343654617,1.3541968615320883,AVOID,0.2537180552992622,2.7351249983860946,0.4196007520643589,0.08,0.0
41.749999999999766,7.392866044085097,6.79138187926605,1.3541968615320883,AVOID,0.2513728895397626,2.731459967762488,0.4173862911426165,0.08,0.0
41.79999999999976,7.393725683263247,6.795288414877482,1.3541968615320883,AVOID,0.24903666717915635,2.727795878393684,0.4151850445584556,0.08,0.0
41.84999999999976,7.394585322441396,6.799194950488914,1.3541968615320883,AVOID,0.24670949717313556,2.7241327340777812,0.41299711650464876,0.08,0.0
41.89999999999976,7.395444961619546,6.8031014861003465,1.3541968615320883,AVOID,0.24439149091611206,2.720470538632353,0.41082261163183564,0.08,0.0
41.949999999999754,7.396304600797696,6.807008021711779,1.3541968615320883,AVOID,0.24208276231864362,2.7168092958945653,0.408661635037741,0.08,0.0
41.99999999999975,7.3971642399758455,6.810914557323211,1.3541968615320883,AVOID,0.239783427888061,2.713149009721295,0.40651429225598135,0.08,0.0
42.04999999999975,7.398023879153995,6.814821092934643,1.3541968615320883,AVOID,0.23749360681245785,2.709489683989249,0.4043806892444559,0.08,0.0
42.099999999999746,7.398883518332145,6.818727628546076,1.3541968615320883,AVOID,0.23521342104821763,2.705831322595087,0.40226093237331517,0.08,0.0
42.14999999999974,7.3997431575102945,6.822634164157508,1.3541968615320883,AVOID,0.2329429954112635,2.7021739294555407,0.4001551284125031,0.08,0.0
42.19999999999974,7.400602796688444,6.82654069976894,1.3541968615320883,AVOID,0.23068245767222173,2.698517508507535,0.39806338451886747,0.08,0.0
42.24999999999974,7.401462435866594,6.8304472353803725,1.3541968615320883,AVOID,0.22843193865571138,2.694862063708314,0.395985808222831,0.08,0.0
42.299999999999734,7.402322075044744,6.834353770991805,1.3541968615320883,AVOID,0.22619157234397863,2.6912075990355615,0.39392250741462354,0.08,0.0
42.34999999999973,7.403181714222893,6.838260306603237,1.3541968615320883,AVOID,0.22396149598511095,2.687554118487527,0.39187359033006386,0.08,0.0
42.39999999999973,7.404041353401043,6.842166842214669,1.3541968615320883,AVOID,0.22174185020608245,2.6839016260831516,0.3898391655358938,0.08,0.0
42.449999999999726,7.404900992579193,6.846073377826102,1.3541968615320883,AVOID,0.2195327791308943,2.6802501258621936,0.3878193419146546,0.08,0.0
42.49999999999972,7.405760631757342,6.849979913437534,1.3541968615320883,AVOID,0.2173344305040984,2.6765996218853543,0.3858142286491054,0.08,0.0
42.54999999999972,7.406620270935492,6.853886449048966,1.3541968615320883,AVOID,0.21514695582000265,2.672950118234409,0.3838239352061785,0.08,0.0
42.59999999999972,7.407479910113642,6.857792984660398,1.3541968615320883,AVOID,0.2129705104578849,2.6693016190123324,0.3818485713204681,0.08,0.0
42.649999999999714,7.408339549291791,6.861699520271831,1.3541968615320883,AVOID,0.21080525382356008,2.665654128343431,0.3798882469772503,0.08,0.0
42.69999999999971,7.409199188469941,6.865606055883263,1.3541968615320883,AVOID,0.208651349497667,2.6620076503734724,0.3779430723950309,0.08,0.0
42.74999999999971,7.410058827648091,6.869512591494695,1.3541968615320883,AVOID,0.20650896539107372,2.6583621892698166,0.37601315800761803,0.08,0.0
42.799999999999706,7.4109184668262404,6.873419127106128,1.3541968615320883,AVOID,0.20437827390782093,2.6547177492215495,0.374098614445719,0.08,0.0
42.8499999999997,7.41177810600439,6.87732566271756,1.3541968615320883,AVOID,0.2022594521160569,2.651074334439615,0.3721995525180585,0.08,0.0
42.8999999999997,7.41263774518254,6.881232198328992,1.3541968615320883,AVOID,0.20015268192744928,2.64743194915695,0.37031608319201625,0.08,0.0
42.9499999999997,7.4134973843606895,6.885138733940424,1.3541968615320883,AVOID,0.19805815028559154,2.643790597628618,0.3684483175737848,0.08,0.0
42.999999999999694,7.414357023538839,6.889045269551857,1.3541968615320883,AVOID,0.1959760493639668,2.6401502841319475,0.3665963668880453,0.08,0.0
43.04999999999969,7.415216662716989,6.892951805163289,1.3541968615320883,AVOID,0.19390657677406348,2.636511012966667,0.3647603424571617,0.08,0.0
43.09999999999969,7.416076301895139,6.896858340774721,1.3541968615320883,AVOID,0.19184993578429138,2.632872788455044,0.36294035567989347,0.08,0.0
43.149999999999686,7.416935941073288,6.9007648763861535,1.3541968615320883,AVOID,0.18980633555039034,2.6292356149420226,0.3611365180096274,0.08,0.0
43.19999999999968,7.417795580251438,6.904671411997586,1.3541968615320883,AVOID,0.18777599135807793,2.625599496795365,0.3593489409321302,0.08,0.0
43.24999999999968,7.418655219429588,6.908577947609018,1.3541968615320883,AVOID,0.1857591248787434,2.6219644384057905,0.3575777359428217,0.08,0.0
43.29999999999968,7.419514858607737,6.91248448322045,1.3541968615320883,AVOID,0.18375596443905268,2.618330444187118,0.355823014523574,0.08,0.0
43.349999999999675,7.420374497785887,6.916391018831883,1.3541968615320883,AVOID,0.18176674530540687,2.6146975185764085,0.35408488811903494,0.08,0.0
43.39999999999967,7.421234136964037,6.920297554443315,1.3541968615320883,AVOID,0.17979170998426403,2.611065666034109,0.352363468112483,0.08,0.0
43.44999999999967,7.422093776142186,6.924204090054747,1.3541968615320883,AVOID,0.1778311085394214,2.607434891044197,0.3506588658012142,0.08,0.0
43.499999999999666,7.422953415320336,6.9281106256661795,1.3541968615320883,AVOID,0.17588519892744553,2.6038051981143258,0.348971192371467,0.08,0.0
43.54999999999966,7.423813054498486,6.932017161277612,1.3541968615320883,AVOID,0.17395424735253573,2.6001765917759703,0.3473005588728888,0.08,0.0
43.59999999999966,7.424672693676635,6.935923696889044,1.3541968615320883,AVOID,0.17203852864221825,2.596549076584577,0.34564707619255064,0.08,0.0
43.64999999999966,7.425532332854785,6.939830232500476,1.3541968615320883,AVOID,0.17013832664538447,2.59292265711971,0.34401085502851403,0.08,0.0
43.699999999999655,7.426391972032935,6.943736768111909,1.3541968615320883,AVOID,0.16825393465432203,2.5892973379852022,0.34239200586295826,0.08,0.0
43.74999999999965,7.4272516112110845,6.947643303723341,1.3541968615320883,AVOID,0.16638565585253373,2.5856731238093054,0.34079063893487416,0.08,0.0
43.79999999999965,7.428111250389234,6.951549839334773,1.3541968615320883,AVOID,0.1645338037902962,2.5820500192448423,0.33920686421233215,0.08,0.0
43.849999999999646,7.428970889567384,6.9554563749462055,1.3541968615320883,AVOID,0.1626987028900923,2.578428028969358,0.3376407913643331,0.08,0.0
43.89999999999964,7.4298305287455335,6.959362910557638,1.3541968615320883,AVOID,0.1608806889842423,2.5748071576852753,0.3360925297322508,0.08,0.0
43.94999999999964,7.430690167923683,6.96326944616907,1.3541968615320883,AVOID,0.159080109887285,2.5711874101200487,0.3345621883008758,0.08,0.0
43.99999999999964,7.431549807101833,6.967175981780502,1.3541968615320883,AVOID,0.15729732600589164,2.5675687910263205,0.33304987566906974,0.08,0.0
44.049999999999635,7.432409446279983,6.971082517391935,1.3541968615320883,AVOID,0.15553271098936938,2.5639513051820777,0.3315557000200434,0.08,0.0
44.09999999999963,7.433269085458132,6.974989053003367,1.3541968615320883,AVOID,0.15378665242411077,2.5603349573908094,0.33007976909126713,0.08,0.0
44.14999999999963,7.434128724636282,6.978895588614799,1.3541968615320883,AVOID,0.15205955257567566,2.556719752481667,0.3286221901440278,0.08,0.0
44.199999999999626,7.434988363814432,6.9828021242262315,1.3541968615320883,AVOID,0.1503518291825609,2.553105695309623,0.327183069932645,0.08,0.0
44.24999999999962,7.435848002992581,6.986708659837664,1.3541968615320883,AVOID,0.14866391630613834,2.549492790755634,0.3257625146733585,0.08,0.0
44.29999999999962,7.436707642170731,6.990615195449096,1.3541968615320883,AVOID,0.14699626524169485,2.545881043726802,0.3243606300129033,0.08,0.0
44.34999999999962,7.437567281348881,6.994521731060528,1.3541968615320883,AVOID,0.14534934549603634,2.5422704591565366,0.32297752099678556,0.08,0.0
44.399999999999615,7.43842692052703,6.998428266671961,1.3541968615320883,AVOID,0.14372364583770986,2.538661042004723,0.3216132920372756,0.08,0.0
44.44999999999961,7.43928655970518,7.002334802283393,1.3541968615320883,AVOID,0.1421196754265423,2.535052797257884,0.32026804688113397,0.08,0.0
44.49999999999961,7.44014619888333,7.006241337894825,1.3541968615320883,AVOID,0.1405379650299587,2.5314457299293505,0.31894188857708783,0.08,0.0
44.549999999999606,7.441005838061479,7.0101478735062575,1.3541968615320883,AVOID,0.13897906833437174,2.5278398450594253,0.31763491944307454,0.08,0.0
44.5999999999996,7.441865477239629,7.01405440911769,1.3541968615320883,AVOID,0.13744356336089775,2.5242351477155567,0.3163472410332713,0.08,0.0
44.6499999999996,7.442725116417779,7.017960944729122,1.3541968615320883,AVOID,0.13593205399572794,2.520631642992505,0.3150789541049295,0.08,0.0
44.6999999999996,7.4435847555959285,7.021867480340554,1.3541968615320883,AVOID,0.13444517164672914,2.5170293360125173,0.31383015858503294,0.08,0.0
44.749999999999595,7.444444394774078,7.025774015951987,1.3541968615320883,AVOID,0.13298357703924513,2.5134282319254972,0.3126009535368005,0.08,0.0
44.79999999999959,7.445304033952228,7.029680551563419,1.3541968615320883,AVOID,0.13154796216567438,2.509828335909181,0.31139143712605355,0.08,0.0
44.84999999999959,7.4461636731303775,7.033587087174851,1.3541968615320883,AVOID,0.1301390524052511,2.5062296531693113,0.3102017065874698,0.08,0.0
44.89999999999959,7.447023312308527,7.037493622786283,1.3541968615320883,AVOID,0.1287576088325615,2.5026321889398138,0.3090318581907455,0.08,0.0
44.949999999999584,7.447882951486677,7.041400158397716,1.3541968615320883,AVOID,0.12740443073576246,2.499035948482975,0.3078819872066878,0.08,0.0
44.99999999999958,7.448742590664827,7.045306694009148,1.3541968615320883,AVOID,0.12608035836828874,2.49544093708962,0.30675218787326164,0.08,0.0
45.04999999999958,7.449602229842976,7.04921322962058,1.3541968615320883,AVOID,0.1247862759610801,2.4918471600792933,0.3056425533616134,0.08,0.0
45.099999999999575,7.450461869021126,7.053119765232013,1.3541968615320883,AVOID,0.12352311502614935,2.488254622800439,0.30455317574209606,0.08,0.0
45.14999999999957,7.451321508199276,7.057026300843445,1.3541968615320883,AVOID,0.12229185798671591,2.4846633306305854,0.3034841459503206,0.08,0.0
45.19999999999957,7.452181147377425,7.060932836454877,1.3541968615320883,AVOID,0.12109354217427074,2.4810732889765252,0.30243555375325826,0.08,0.0
45.24999999999957,7.453040786555575,7.064839372066309,1.3541968615320883,AVOID,0.1199292642389852,2.477484503274503,0.3014074877154195,0.08,0.0
45.299999999999564,7.453900425733725,7.068745907677742,1.3541968615320883,AVOID,0.11880018502697329,2.4738969789904,0.300400035165135,0.08,0.0
45.34999999999956,7.454760064911874,7.072652443289174,1.3541968615320883,AVOID,0.11770753498630276,2.470310721619923,0.29941328216096663,0.08,0.0
45.39999999999956,7.455619704090024,7.076558978900606,1.3541968615320883,AVOID,0.11665262017360264,2.466725736688792,0.2984473134582716,0.08,0.0
45.449999999999555,7.456479343268174,7.0804655145120385,1.3541968615320883,AVOID,0.1156368289449361,2.4631420297529294,0.29750221247595166,0.08,0.0
45.49999999999955,7.457338982446323,7.084372050123471,1.3541968615320883,AVOID,0.11466163942875529,2.4595596063986536,0.2965780612634096,0.08,0.0
45.54999999999955,7.458198621624473,7.088278585734903,1.3541968615320883,AVOID,0.11372862789573202,2.455978472242869,0.29567494046774445,0.08,0.0
45.59999999999955,7.459058260802623,7.092185121346335,1.3541968615320883,AVOID,0.11283947816071166,2.4523986329332623,0.29479292930121115,0.08,0.0
45.649999999999544,7.4599178999807725,7.096091656957768,1.3541968615320883,AVOID,0.11199599217684764,2.4488200941484966,0.293932105508972,0.08,0.0
45.69999999999954,7.460777539158922,7.0999981925692,1.3541968615320883,AVOID,0.11120010201215699,2.4452428615984076,0.293092545337171,0.08,0.0
45.74999999999954,7.461637178337072,7.103904728180632,1.3541968615320883,AVOID,0.11045388343571294,2.4416669410242027,0.29227432350135507,0.08,0.0
45.799999999999535,7.4624968175152215,7.1078112637920645,1.3541968615320883,AVOID,0.10975957138619832,2.4380923381986594,0.2914775131552745,0.08,0.0
45.84999999999953,7.463356456693371,7.111717799403497,1.3541968615320883,AVOID,0.10911957765191271,2.434519058926326,0.2907021858600872,0.08,0.0
45.89999999999953,7.464216095871521,7.115624335014929,1.3541968615320883,AVOID,0.10853651116158902,2.4309471090437245,0.289948411553998,0.08,0.0
45.94999999999953,7.465075735049671,7.119530870626361,1.3541968615320883,AVOID,0.1080132013735303,2.427376494419553,0.28921625852235955,0.08,0.0
45.999999999999524,7.46593537422782,7.123437406237794,1.3541968615320883,AVOID,0.10755272536199581,2.423807220954892,0.2885057933682629,0.08,0.0
46.04999999999952,7.46679501340597,7.127343941849226,1.3541968615320883,AVOID,0.10715843934162805,2.4202392945834084,0.2878170809836468,0.08,0.0
46.09999999999952,7.46765465258412,7.131250477460658,1.3541968615320883,AVOID,0.10683401555285377,2.4166727212715653,0.287150184520952,0.08,0.0
46.149999999999515,7.468514291762269,7.1351570130720905,1.3541968615320883,AVOID,0.10658348566702802,2.4131075070188297,0.2865051653653492,0.08,0.0
46.19999999999951,7.469373930940419,7.139063548683523,1.3541968615320883,AVOID,0.10641129217834819,2.4095436578578835,0.28588208310756813,0.08,0.0
46.24999999999951,7.470233570118569,7.142970084294955,1.3541968615320883,AVOID,0.1063223496565193,2.4059811798548356,0.2852809955173523,0.08,0.0
46.29999999999951,7.471093209296718,7.146876619906387,1.3541968615320883,AVOID,0.10632211827721727,2.4024200791094352,0.2847019585175693,0.08,0.0
46.349999999999504,7.471952848474868,7.15078315551782,1.3541968615320883,AVOID,0.1064166927805969,2.398860361755286,0.2841450261590006,0.08,0.0
46.3999999999995,7.472812487653018,7.154689691129252,1.3541968615320883,AVOID,0.10661291101062575,2.395302033960064,0.28361025059583667,0.08,0.0
46.4499999999995,7.473672126831167,7.158596226740684,1.3541968615320883,AVOID,0.10691848757778838,2.3917451019257334,0.2830976820619032,0.08,0.0
46.499999999999496,7.474531766009317,7.1625027623521165,1.3541968615320883,AVOID,0.10734218014356947,2.3881895718887676,0.2826073688476429,0.08,0.0
46.54999999999949,7.475391405187467,7.166409297963549,1.3541968615320883,AVOID,0.10789399862348711,2.384635450120369,0.282139357277876,0.08,0.0
46.59999999999949,7.4762510443656165,7.170315833574981,1.3541968615320883,AVOID,0.10858547168300334,2.38108274292669,0.28169369169036396,0.08,0.0
46.64999999999949,7.477110683543766,7.174222369186413,1.3541968615320883,AVOID,0.10942999096344982,2.3775314566490615,0.2812704144151986,0.08,0.0
46.699999999999484,7.477970322721916,7.178128904797846,1.3541968615320883,AVOID,0.11044326269554464,2.3739815976642125,0.2808695657550382,0.08,0.0
46.74999999999948,7.4788299619000655,7.182035440409278,1.3541968615320883,AVOID,0.11164391074052393,2.3704331723845,0.28049118396621175,0.08,0.0
46.79999999999948,7.479689601078215,7.18594197602071,1.3541968615320883,AVOID,0.1130542981859953,2.3668861872581375,0.2801353052407125,0.08,0.0
46.849999999999476,7.480549240256365,7.1898485116321424,1.3541968615320883,AVOID,0.11470167291677744,2.3633406487694235,0.27980196368909993,0.08,0.0
46.89999999999947,7.481408879434515,7.193755047243575,1.3541968615320883,AVOID,0.11661980853884368,2.3597965634389753,0.27949119132432754,0.08,0.0
46.94999999999947,7.482268518612664,7.197661582855007,1.3541968615320883,AVOID,0.11885143075924706,2.3562539378239595,0.27920301804651626,0.08,0.0
46.99999999999947,7.483128157790814,7.201568118466439,1.3541968615320883,AVOID,0.1214519444689783,2.3527127785183284,0.27893747162868876,0.08,0.0
47.049999999999464,7.483987796968964,7.205474654077872,1.3541968615320883,AVOID,0.12449543140511612,2.3491730921530563,0.2786945777034805,0.08,0.0
47.09999999999946,7.484847436147113,7.209381189689304,1.3541968615320883,AVOID,0.128084880116623,2.3456348853963758,0.27847435975084345,0.08,0.0
47.14999999999946,7.485707075325263,7.213287725300736,1.3541968615320883,AVOID,0.13237099668114344,2.34209816495402,0.27827683908675394,0.08,0.0
47.199999999999456,7.486566714503413,7.217194260912168,1.3541968615320883,AVOID,0.13759048007400762,2.3385629375694603,0.27810203485293994,0.08,0.0
47.24999999999945,7.487426353681562,7.221100796523601,1.3541968615320883,AVOID,0.14415608346782158,2.335029210024153,0.2779499640076366,0.08,0.0
47.29999999999945,7.488285992859712,7.225007332135033,1.3541968615320883,AVOID,0.1529236715220493,2.3314969891377815,0.27782064131738315,0.08,0.0
47.34999999999945,7.489145632037862,7.228913867746465,1.3541968615320883,AVOID,0.16644716114251368,2.3279662817685005,0.27771407934986736,0.08,0.0
47.399999999999444,7.4900052712160115,7.2328204033578976,1.3541968615320883,RUN,2.0,2.3244370948131885,0.277630288467829,0.64,-2.0
47.44999999999944,7.498432241015084,7.263677057924877,1.2541968615320886,AVOID,0.10006728235391851,2.295544182541341,0.2761807053238735,0.08,0.0
47.49999999999944,7.499677588375321,7.2674782564138205,1.2541968615320886,AVOID,0.10159621019171242,2.2918549105085573,0.2759021509121633,0.08,0.0
47.549999999999436,7.5009229357355585,7.271279454902764,1.2541968615320886,AVOID,0.10337861082310223,2.2881666826621223,0.27564633750616696,0.08,0.0
47.59999999999943,7.502168283095796,7.275080653391708,1.2541968615320886,AVOID,0.10545250879766524,2.2844795040594637,0.27541329003992654,0.08,0.0
47.64999999999943,7.503413630456033,7.2788818518806515,1.2541968615320886,AVOID,0.10786659542682839,2.280793379789271,0.2752030312602346,0.08,0.0
47.69999999999943,7.504658977816271,7.282683050369595,1.2541968615320886,AVOID,0.11068496246949384,2.2771083149717226,0.2750155817155848,0.08,0.0
47.749999999999424,7.505904325176508,7.286484248858539,1.2541968615320886,AVOID,0.11399493837468884,2.273424314758719,0.27485095974616913,0.08,0.0
47.79999999999942,7.5071496725367455,7.2902854473474825,1.2541968615320886,AVOID,0.11792094720331003,2.269741384334115,0.2747091814749333,0.08,0.0
47.84999999999942,7.508395019896983,7.294086645836426,1.2541968615320886,AVOID,0.12265124992046245,2.266059528913955,0.2745902607997003,0.08,0.0
47.899999999999416,7.50964036725722,7.29788784432537,1.2541968615320886,AVOID,0.12849617028848725,2.262378753746713,0.2744942093863708,0.08,0.0
47.94999999999941,7.510885714617458,7.3016890428143135,1.2541968615320886,AVOID,0.1360401124272303,2.258699064113527,0.2744210366632086,0.08,0.0
47.99999999999941,7.512131061977695,7.305490241303257,1.2541968615320886,AVOID,0.14668583915362488,2.2550204653284447,0.27437074981621734,0.08,0.0
48.04999999999941,7.5133764093379325,7.309291439792201,1.2541968615320886,AVOID,0.16728215655634435,2.2513429627386645,0.27434335378561425,0.08,0.0
48.099999999999405,7.51462175669817,7.3130926382811445,1.2541968615320886,RUN,2.0,2.2476665617247815,0.27433885126340396,0.64,-1.8241015529773366
48.1499999999994,7.525956522368861,7.343006070883714,1.1629917838832213,AVOID,0.10226373832959175,2.2177540564893867,0.2736678478569563,0.08,0.0
48.1999999999994,7.5275429018470055,7.346678045849767,1.1629917838832213,AVOID,0.10500725034405632,2.213956501374018,0.27350462053689273,0.08,0.0
48.249999999999396,7.52912928132515,7.350350020815821,1.1629917838832213,AVOID,0.10822523194800202,2.210159660494561,0.2733642815934634,0.08,0.0
48.29999999999939,7.530715660803295,7.354021995781874,1.1629917838832213,AVOID,0.11203432994375465,2.206363537538314,0.27324684483684447,0.08,0.0
48.34999999999939,7.532302040281439,7.357693970747928,1.1629917838832213,AVOID,0.11660897305867562,2.2025681362172964,0.27315232183204174,0.08,0.0
48.39999999999939,7.533888419759584,7.361365945713981,1.1629917838832213,AVOID,0.12223177292446774,2.1987734602684483,0.27308072189320354,0.08,0.0
48.449999999999385,7.535474799237728,7.3650379206800345,1.1629917838832213,AVOID,0.12942025929155837,2.194979513453836,0.2730320520790358,0.08,0.0
48.49999999999938,7.537061178715873,7.368709895646088,1.1629917838832213,AVOID,0.13934959364455599,2.191186299560854,0.2730063171893241,0.08,0.0
48.54999999999938,7.538647558194017,7.372381870612141,1.1629917838832213,AVOID,0.15659963102093866,2.187393822402436,0.2730035197625682,0.08,0.0
48.599999999999376,7.540233937672162,7.376053845578195,1.1629917838832213,RUN,2.0,2.1836020858172605,0.2730236600747299,0.64,-1.4598125233890458
48.64999999999937,7.553985310760929,7.404940610615944,1.0900011577137692,AVOID,0.11551444398188915,2.152945177462121,0.27284265672965413,0.08,0.0
48.69999999999937,7.555835248122588,7.408487120415443,1.0900011577137692,AVOID,0.12114172024929647,2.1490754003637647,0.2727772718013106,0.08,0.0
48.74999999999937,7.557685185484248,7.412033630214942,1.0900011577137692,AVOID,0.12833727932337657,2.145206100993549,0.2727348279934929,0.08,0.0
48.799999999999365,7.559535122845907,7.41558014001444,1.0900011577137692,AVOID,0.13828045772299719,2.1413372819411745,0.27271532949573674,0.08,0.0
48.84999999999936,7.5613850602075665,7.419126649813939,1.0900011577137692,AVOID,0.15558466789566466,2.137468945814766,0.2727187782330386,0.08,0.0
48.89999999999936,7.563234997569226,7.422673159613438,1.0900011577137692,AVOID,2.0,2.1336010952410382,0.2727451738649048,0.32,-0.6544984694978735
48.949999999999356,7.570865524138489,7.436735599614548,1.0572762342388753,AVOID,0.14398819240595834,2.118070096953461,0.2728184081782601,0.08,0.0
48.99999999999935,7.572830509568375,7.440219682314533,1.0572762342388753,RUN,2.0,2.1141729810632435,0.2728286277093106,0.64,-1.0237970985041227
49.04999999999935,7.589256771489413,7.467677911158703,1.0060863793136692,AVOID,0.14705088802225635,2.0828363931762452,0.27291727120075726,0.08,0.0
49.09999999999935,7.591397454763178,7.471056886613101,1.0060863793136692,AVOID,2.0,2.078900712978106,0.27292920756677763,0.32,-0.6544984694978735
49.149999999999345,7.600179793296069,7.484430281260788,0.9733614558387753,AVOID,0.13766489495295642,2.0631161342629,0.2729445526155151,0.08,0.0
49.19999999999934,7.602429887398945,7.48773740637608,0.9733614558387753,AVOID,0.1533044916255056,2.059160113179611,0.27294028835644946,0.08,0.0
49.24999999999934,7.604679981501822,7.491044531491373,0.9733614558387753,AVOID,2.0,2.0552042623456788,0.2729589639491341,0.32,-0.6544984694978735
49.299999999999336,7.61389518306776,7.504123415794256,0.9406365323638815,AVOID,0.14226239374008354,2.039346296904428,0.2730012525549488,0.08,0.0
49.34999999999933,7.616252278542624,7.507355149218036,0.9406365323638815,AVOID,0.16448423493656783,2.035373775797554,0.2730037201151323,0.08,0.0
49.39999999999933,7.618609374017487,7.510586882641816,0.9406365323638815,RUN,2.0,2.0314013625354748,0.27302912523700684,0.64,-0.5293266772766264
49.44999999999933,7.637806045043245,7.536188211704094,0.9141701985000505,RUN,2.0,1.9995792863687059,0.27363434300580924,0.64,-0.1824760341156176
49.499999999999325,7.657455735380154,7.5614445488537285,0.9050463967942699,RUN,2.0,1.9677059964553385,0.2751352556188168,0.64,-0.19746757104613405
49.54999999999932,7.677344423481442,7.586513090236023,0.8951730182419633,RUN,2.0,1.9358106875853736,0.2777897618266679,0.64,-0.17437743226160482
49.59999999999932,7.697465307154578,7.611395685625122,0.8864541466288829,RUN,2.0,1.903895629483518,0.28159103238741134,0.64,-0.15769890094346195
49.64999999999932,7.717792079829347,7.636110397989718,0.8785692015817101,RUN,2.0,1.8719647424618118,0.2865516673287102,0.64,-0.14223589948147236
49.699999999999314,7.7383036092955875,7.660672011190102,0.8714574066076368,RUN,2.0,1.8400209900775881,0.292672399740723,0.64,-0.12837278498103893
49.74999999999931,7.758980840834751,7.685094307974776,0.8650387673585849,RUN,2.0,1.8080667942129667,0.29994621638751584,0.64,-0.11589008058213929
49.79999999999931,7.77980682903846,7.709389890910086,0.8592442633294777,RUN,2.0,1.776104115232623,0.308358673448878,0.64,-0.10465398988537433
49.849999999999305,7.800766461590478,7.73357028517408,0.854011563835209,RUN,2.0,1.7441345424709307,0.31788875254013116,0.64,-0.09453740730299073
49.8999999999993,7.821846251351984,7.757646010645673,0.8492846934700595,RUN,2.0,1.7121593647549234,0.32850973640685066,0.64,-0.08542706099830738
49.9499999999993,7.843034150396719,7.7816266565337795,0.8450133404201443,RUN,2.0,1.6801796276640477,0.3401901235159859,0.64,-0.07722120279904199
49.9999999999993,7.864319387231952,7.805520953358288,0.8411522802801921,RUN,2.0,1.6481961797927156,0.3528945419955354,0.64,-0.06982851312694034
50.049999999999294,7.885692323696288,7.8293368418925,0.8376608546238451,RUN,2.0,1.6162097101612782,0.36658463390223683,0.64,-0.06316701159723453
50.09999999999929,7.907144329021739,7.853081538485672,0.8345025040439835,RUN,2.0,1.5842207784749378,0.3812198854929818,0.64,-0.057163093501644904
50.14999999999929,7.92866766883933,7.876761596467114,0.8316443493689012,RUN,2.0,1.552229839605354,0.39675838547580566,0.64,-0.051750665392795686
50.199999999999285,7.950255407220315,7.900382963494863,0.8290568160992615,RUN,2.0,1.520237263404146,0.41315749948719305,0.64,-0.04687037084686447
50.24999999999928,7.971901320105928,7.923951034834941,0.8267132975569185,RUN,2.0,1.4882433507436637,0.43037445483382974,0.64,-0.042468896759116005
50.29999999999928,7.993599818702728,7.947470702644569,0.8245898527189626,RUN,2.0,1.4562483465077987,0.448366834477284,0.64,-0.038498351741008935
50.34999999999928,8.015345881612234,7.97094640139348,0.822664935131912,RUN,2.0,1.4242524501165579,0.46709298315170267,0.64,-0.034915709062429356
50.399999999999274,8.037134994627941,7.994382149598149,0.8209191496787906,RUN,2.0,1.3922558240556853,0.48651233135637506,0.64,-0.03168230738534644
50.44999999999927,8.058963097273502,8.017781588069136,0.8193350343095234,RUN,2.0,1.3602586007921693,0.5065856448320669,0.64,-0.02876340324963225
50.49999999999927,8.080826535276795,8.041148014885799,0.8178968641470417,RUN,1.9500000000000002,1.3282608883832665,0.5272752081516561,0.64,-0.026127769909534075
50.549999999999265,8.102722018278431,8.06448441731828,0.816590475651565,RUN,1.9500000000000002,1.296262775027753,0.548544951399664,0.64,-0.023747337689184626
50.59999999999926,8.124646582162736,8.087793500916238,0.8154031087671059,RUN,1.9000000000000001,1.264264332760374,0.5703605287521756,0.64,-0.02159687153465792
50.64999999999926,8.146597555476234,8.11107771597894,0.8143232651903731,RUN,1.9000000000000001,1.2322656204521645,0.59268935725392,0.64,-0.019653681895715355
50.69999999999926,8.168572529465415,8.134339281613503,0.8133405810955874,RUN,1.85,1.2002666862480875,0.615500623354923,0.64,-0.017897365477070694
50.749999999999254,8.190569331323061,8.157580207578313,0.812445712821734,RUN,1.85,1.1682675695484293,0.638765263919951,0.64,-0.016309572764328716
50.79999999999925,8.212586000282453,8.180802314097434,0.8116302341835175,RUN,1.8,1.1362683026201619,0.6624559275381585,0.64,-0.014873799555264505
50.84999999999925,8.234620766242287,8.204007249820243,0.8108865442057542,RUN,1.8,1.1042689119079085,0.6865469210936663,0.64,-0.013575200020026297
50.899999999999245,8.256672030642704,8.227196508088426,0.8102077842047528,RUN,1.7500000000000002,1.0722694191011712,0.7110141457456065,0.64,-0.012400419076513654
50.94999999999924,8.278738349346106,8.250371441660612,0.809587763250927,RUN,1.7500000000000002,1.0402698420034915,0.7358350257298543,0.64,-0.011337442101850623
50.99999999999924,8.300818417304988,8.27353327603334,0.8090208911458343,RUN,1.7000000000000002,1.008270195240716,0.7609884327438006,0.64,-0.010375460214379163
51.04999999999924,8.32291105482448,8.296683121485671,0.8085021181351153,RUN,1.7000000000000002,0.9762704908384955,0.7864546081118824,0.64,-0.009504749550312915
51.099999999999234,8.345015195249367,8.319821983964296,0.8080268806575996,RUN,1.6500000000000001,0.9442707386933534,0.8122150844504943,0.64,-0.008716563134350864
51.14999999999923,8.367129873924753,8.342950774915728,0.8075910525008823,RUN,1.6500000000000001,0.9122709469572846,0.8382526081491886,0.64,-0.008003034100921692
51.19999999999923,8.389254218297204,8.366070320162677,0.8071909007958364,RUN,1.6,0.8802711223517503,0.8645510636534564,0.64,-0.007357089167094319
51.249999999999226,8.411387439037703,8.389181367912727,0.8068230463374819,RUN,1.6,0.8482712704244798,0.8910954002635936,0.64,-0.006772371396872139
51.29999999999922,8.433528822082195,8.412284595979216,0.8064844277676384,RUN,1.55,0.8162713957593387,0.9178715619463826,0.64,-0.006243171421515136
51.34999999999922,8.45567772149667,8.435380618286388,0.8061722691965625,RUN,1.55,0.7842715021481518,0.9448664204826247,0.64,-0.005764366411307286
51.39999999999922,8.47783355308539,8.45846999072316,0.805884050875997,RUN,1.5000000000000002,0.7522715927315106,0.972067712136979,0.64,-0.005331366215649009
51.449999999999214,8.499995788670276,8.48155321640364,0.8056174825652147,RUN,1.4500000000000002,0.7202716701140415,0.9994639779315111,0.6162445811251667,-0.004940066230824048
51.49999999999921,8.521341116632712,8.503774162125268,0.8053704792536736,RUN,1.4500000000000002,0.689459504830341,1.0260175338748365,0.5897013896798498,-0.004570667492626589
51.54999999999921,8.541772103366611,8.52503313904731,0.8051419458790421,RUN,1.4000000000000001,0.6599744875798702,1.0515788713483618,0.5644920221611127,-0.004228478974005581
51.599999999999206,8.561334154264856,8.54537900519739,0.8049305219303418,RUN,1.4000000000000001,0.6317499292677796,1.0761792915350592,0.5403503785934022,-0.0039120131076528265
51.6499999999992,8.580063557641623,8.564850927956513,0.8047349212749593,RUN,1.4000000000000001,0.6047324454012025,1.0998426463423518,0.5172417175348548,-0.0036192175499882794
51.6999999999992,8.597995487165548,8.583486737239141,0.8045539603974596,RUN,1.35,0.578870388251948,1.1225946464001963,0.49512129279473993,-0.0033483381033420326
51.7499999999992,8.615163644591107,8.60132257491577,0.8043865434922925,RUN,1.35,0.5541143471488462,1.1444618973289458,0.4739468718259806,-0.0030977323661899605
51.799999999999194,8.631600337529633,8.618392994283965,0.8042316568739829,RUN,1.3,0.530417022841309,1.1654715697330276,0.45367799672358733,-0.002865883195115949
51.84999999999919,8.6473365326883,8.634731031890283,0.8040883627142272,RUN,1.3,0.5077331388044789,1.1856511114217236,0.4342759413408786,-0.0026513867303533966
51.89999999999919,8.66240190858592,8.65036827689832,0.8039557933777095,RUN,1.3,0.4860193546819709,1.2050280183113518,0.41570363552554146,-0.002452944214212444
51.949999999999186,8.676824906493565,8.665334936922775,0.803833146166999,RUN,1.2500000000000002,0.4652341835112463,1.2236296515281446,0.3979255944051005,-0.0022693540908630383
51.99999999999918,8.690632779676534,8.679659900603184,0.8037196784624561,RUN,1.2500000000000002,0.4453379124802086,1.2414830920858062,0.38090785059907545,-0.002099504735452806
52.04999999999918,8.70385164095228,8.693370797104194,0.8036147032256835,RUN,1.2500000000000002,0.42629252706935256,1.2586150261442035,0.36461788933246897,-0.0019423677222315397
52.09999999999918,8.7165065085874,8.706494052718938,0.8035175848395717,RUN,1.2000000000000002,0.4080616384354933,1.2750516552168376,0.3490245863227025,-0.0017969915988505696
52.149999999999174,8.728621350562605,8.71905494473964,0.8034277352596293,RUN,1.2000000000000002,0.39061041389818524,1.2908186267709394,0.3340981483200831,-0.0016624961225588763
52.19999999999917,8.74021912723623,8.731077652747615,0.8033446104535011,RUN,1.2000000000000002,0.37390551039753117,1.3059409815192873,0.3198100561912221,-0.001538066934545835
52.24999999999917,8.751321832442386,8.742585307464395,0.803267707106774,RUN,1.2000000000000002,0.3579150107958768,1.3204431143884534,0.30613301043444474,-0.001422950624116571
52.299999999999166,8.761950533060002,8.753600037296593,0.8031965595755679,RUN,1.1500000000000001,0.3426083629023926,1.3343487466978223,0.29304087902480214,-0.00131645017135389
52.34999999999916,8.77212540709229,8.764143012697247,0.8031307370670002,RUN,1.1500000000000001,0.3279563211044817,1.3476809075264433,0.28050864748916343,-0.001217920723825669
52.39999999999916,8.781865780297068,8.77423448845957,0.8030698410308088,RUN,1.1500000000000001,0.31393089049426054,1.3604619226046792,0.26851237111512194,-0.001126765693267625
52.44999999999916,8.791190161409133,8.783893844050567,0.8030135027461456,RUN,1.1500000000000001,0.30050527338398625,1.3727134093581028,0.25702912920382565,-0.0010424331430874522
52.499999999999154,8.800116275996942,8.79313962208579,0.8029613810889913,RUN,1.1,0.28765381810805307,1.3844562769695814,0.2460369812783437,-0.000964412445362276
52.54999999999915,8.808661098995344,8.801989565039776,0.8029131604667232,RUN,1.1,0.2753519700143921,1.3957107305193692,0.2355149251653289,-0.0008922311910375673
52.59999999999915,8.816840885957419,8.81046065028147,0.8028685489071714,RUN,1.1,0.2635762245510517,1.4064962784236463,0.225442856868121,-0.0008254523279129568
52.649999999999146,8.82467120306697,8.818569123517989,0.8028272762907758,RUN,1.1,0.252304082358995,1.4168317425225694,0.21580153215648162,-0.0007636715158618372
52.69999999999914,8.832166955954136,8.826330530725642,0.8027890927149826,GOAL,1.1,0.2415140062848077,1.4267352702784253,0.0,0.0
